-- MySQL dump 10.13  Distrib 5.7.19, for Linux (x86_64)
--
-- Host: localhost    Database: surajsite
-- ------------------------------------------------------
-- Server version	5.7.19-0ubuntu0.16.04.1

/*!40101 SET @OLD_CHARACTER_SET_CLIENT=@@CHARACTER_SET_CLIENT */;
/*!40101 SET @OLD_CHARACTER_SET_RESULTS=@@CHARACTER_SET_RESULTS */;
/*!40101 SET @OLD_COLLATION_CONNECTION=@@COLLATION_CONNECTION */;
/*!40101 SET NAMES utf8 */;
/*!40103 SET @OLD_TIME_ZONE=@@TIME_ZONE */;
/*!40103 SET TIME_ZONE='+00:00' */;
/*!40014 SET @OLD_UNIQUE_CHECKS=@@UNIQUE_CHECKS, UNIQUE_CHECKS=0 */;
/*!40014 SET @OLD_FOREIGN_KEY_CHECKS=@@FOREIGN_KEY_CHECKS, FOREIGN_KEY_CHECKS=0 */;
/*!40101 SET @OLD_SQL_MODE=@@SQL_MODE, SQL_MODE='NO_AUTO_VALUE_ON_ZERO' */;
/*!40111 SET @OLD_SQL_NOTES=@@SQL_NOTES, SQL_NOTES=0 */;

--
-- Table structure for table `auth_group`
--

DROP TABLE IF EXISTS `auth_group`;
/*!40101 SET @saved_cs_client     = @@character_set_client */;
/*!40101 SET character_set_client = utf8 */;
CREATE TABLE `auth_group` (
  `id` int(11) NOT NULL AUTO_INCREMENT,
  `name` varchar(80) NOT NULL,
  PRIMARY KEY (`id`),
  UNIQUE KEY `name` (`name`)
) ENGINE=InnoDB DEFAULT CHARSET=latin1;
/*!40101 SET character_set_client = @saved_cs_client */;

--
-- Dumping data for table `auth_group`
--

LOCK TABLES `auth_group` WRITE;
/*!40000 ALTER TABLE `auth_group` DISABLE KEYS */;
/*!40000 ALTER TABLE `auth_group` ENABLE KEYS */;
UNLOCK TABLES;

--
-- Table structure for table `auth_group_permissions`
--

DROP TABLE IF EXISTS `auth_group_permissions`;
/*!40101 SET @saved_cs_client     = @@character_set_client */;
/*!40101 SET character_set_client = utf8 */;
CREATE TABLE `auth_group_permissions` (
  `id` int(11) NOT NULL AUTO_INCREMENT,
  `group_id` int(11) NOT NULL,
  `permission_id` int(11) NOT NULL,
  PRIMARY KEY (`id`),
  UNIQUE KEY `group_id` (`group_id`,`permission_id`),
  KEY `auth_group__permission_id_1f49ccbbdc69d2fc_fk_auth_permission_id` (`permission_id`),
  CONSTRAINT `auth_group__permission_id_1f49ccbbdc69d2fc_fk_auth_permission_id` FOREIGN KEY (`permission_id`) REFERENCES `auth_permission` (`id`),
  CONSTRAINT `auth_group_permission_group_id_689710a9a73b7457_fk_auth_group_id` FOREIGN KEY (`group_id`) REFERENCES `auth_group` (`id`)
) ENGINE=InnoDB DEFAULT CHARSET=latin1;
/*!40101 SET character_set_client = @saved_cs_client */;

--
-- Dumping data for table `auth_group_permissions`
--

LOCK TABLES `auth_group_permissions` WRITE;
/*!40000 ALTER TABLE `auth_group_permissions` DISABLE KEYS */;
/*!40000 ALTER TABLE `auth_group_permissions` ENABLE KEYS */;
UNLOCK TABLES;

--
-- Table structure for table `auth_permission`
--

DROP TABLE IF EXISTS `auth_permission`;
/*!40101 SET @saved_cs_client     = @@character_set_client */;
/*!40101 SET character_set_client = utf8 */;
CREATE TABLE `auth_permission` (
  `id` int(11) NOT NULL AUTO_INCREMENT,
  `name` varchar(255) NOT NULL,
  `content_type_id` int(11) NOT NULL,
  `codename` varchar(100) NOT NULL,
  PRIMARY KEY (`id`),
  UNIQUE KEY `content_type_id` (`content_type_id`,`codename`),
  CONSTRAINT `auth__content_type_id_508cf46651277a81_fk_django_content_type_id` FOREIGN KEY (`content_type_id`) REFERENCES `django_content_type` (`id`)
) ENGINE=InnoDB AUTO_INCREMENT=28 DEFAULT CHARSET=latin1;
/*!40101 SET character_set_client = @saved_cs_client */;

--
-- Dumping data for table `auth_permission`
--

LOCK TABLES `auth_permission` WRITE;
/*!40000 ALTER TABLE `auth_permission` DISABLE KEYS */;
INSERT INTO `auth_permission` VALUES (1,'Can add log entry',1,'add_logentry'),(2,'Can change log entry',1,'change_logentry'),(3,'Can delete log entry',1,'delete_logentry'),(4,'Can add permission',2,'add_permission'),(5,'Can change permission',2,'change_permission'),(6,'Can delete permission',2,'delete_permission'),(7,'Can add group',3,'add_group'),(8,'Can change group',3,'change_group'),(9,'Can delete group',3,'delete_group'),(10,'Can add user',4,'add_user'),(11,'Can change user',4,'change_user'),(12,'Can delete user',4,'delete_user'),(13,'Can add content type',5,'add_contenttype'),(14,'Can change content type',5,'change_contenttype'),(15,'Can delete content type',5,'delete_contenttype'),(16,'Can add session',6,'add_session'),(17,'Can change session',6,'change_session'),(18,'Can delete session',6,'delete_session'),(19,'Can add user',7,'add_siteuser'),(20,'Can change user',7,'change_siteuser'),(21,'Can delete user',7,'delete_siteuser'),(22,'Can add user logs',8,'add_userlogs'),(23,'Can change user logs',8,'change_userlogs'),(24,'Can delete user logs',8,'delete_userlogs'),(25,'Can add login logs',9,'add_loginlogs'),(26,'Can change login logs',9,'change_loginlogs'),(27,'Can delete login logs',9,'delete_loginlogs');
/*!40000 ALTER TABLE `auth_permission` ENABLE KEYS */;
UNLOCK TABLES;

--
-- Table structure for table `auth_user`
--

DROP TABLE IF EXISTS `auth_user`;
/*!40101 SET @saved_cs_client     = @@character_set_client */;
/*!40101 SET character_set_client = utf8 */;
CREATE TABLE `auth_user` (
  `id` int(11) NOT NULL AUTO_INCREMENT,
  `password` varchar(128) NOT NULL,
  `last_login` datetime(6) DEFAULT NULL,
  `is_superuser` tinyint(1) NOT NULL,
  `username` varchar(30) NOT NULL,
  `first_name` varchar(30) NOT NULL,
  `last_name` varchar(30) NOT NULL,
  `email` varchar(254) NOT NULL,
  `is_staff` tinyint(1) NOT NULL,
  `is_active` tinyint(1) NOT NULL,
  `date_joined` datetime(6) NOT NULL,
  PRIMARY KEY (`id`),
  UNIQUE KEY `username` (`username`)
) ENGINE=InnoDB AUTO_INCREMENT=8 DEFAULT CHARSET=latin1;
/*!40101 SET character_set_client = @saved_cs_client */;

--
-- Dumping data for table `auth_user`
--

LOCK TABLES `auth_user` WRITE;
/*!40000 ALTER TABLE `auth_user` DISABLE KEYS */;
INSERT INTO `auth_user` VALUES (1,'pbkdf2_sha256$20000$8D3eGHrWqx3A$5rGZ0RA1yZkT6HeuhY3iasiaYV8Pissc/cWaudRF0CM=','2017-09-27 07:27:50.101211',0,'aaa','','','aaa@xyz.com',0,1,'2017-09-04 02:54:13.779439'),(2,'pbkdf2_sha256$20000$0ut8pVqTH6pH$TIufDYVHblzTXYOfqyn/2cfA5U0WlK/8liYbyvpCDE0=','2017-09-27 07:31:37.255619',0,'bbb','','','bbb@xyz.com',0,1,'2017-09-04 02:54:30.366874'),(3,'pbkdf2_sha256$20000$GriSXG9OfvlJ$k8CE5SpovQn7lOTFObkagJrm5l9KdU+qrT5jl0gnOXg=','2017-09-27 07:31:00.695853',0,'ccc','','','ccc@xyz.com',0,1,'2017-09-04 02:54:39.935710'),(4,'pbkdf2_sha256$20000$6mWAkNGoudtY$++7hmT+ft3gTgH1GGH3d/4XTXIaiJqsJVq0XAz+kfTA=','2017-09-27 07:30:01.610262',0,'ddd','','','ddd@xyz.com',0,1,'2017-09-04 02:54:49.933826'),(5,'pbkdf2_sha256$20000$eirR2oTG3Wkv$XCl3tM4mNmKfxtzB7mafpCfte/ApnEDf89/jzJOJgFs=','2017-09-25 22:36:52.047567',0,'eee','','','eee@xyz.com',0,1,'2017-09-04 02:55:00.866174'),(7,'pbkdf2_sha256$20000$a3BiJAgYuH9h$FiVUZ6/sSBvBjY3Y1/iasE/7Bqrss2HgDn14hCazw6M=','2017-09-07 19:27:36.112498',1,'suraj','','','surajshah525@gmail.com',1,1,'2017-09-04 04:33:47.817717');
/*!40000 ALTER TABLE `auth_user` ENABLE KEYS */;
UNLOCK TABLES;

--
-- Table structure for table `auth_user_groups`
--

DROP TABLE IF EXISTS `auth_user_groups`;
/*!40101 SET @saved_cs_client     = @@character_set_client */;
/*!40101 SET character_set_client = utf8 */;
CREATE TABLE `auth_user_groups` (
  `id` int(11) NOT NULL AUTO_INCREMENT,
  `user_id` int(11) NOT NULL,
  `group_id` int(11) NOT NULL,
  PRIMARY KEY (`id`),
  UNIQUE KEY `user_id` (`user_id`,`group_id`),
  KEY `auth_user_groups_group_id_33ac548dcf5f8e37_fk_auth_group_id` (`group_id`),
  CONSTRAINT `auth_user_groups_group_id_33ac548dcf5f8e37_fk_auth_group_id` FOREIGN KEY (`group_id`) REFERENCES `auth_group` (`id`),
  CONSTRAINT `auth_user_groups_user_id_4b5ed4ffdb8fd9b0_fk_auth_user_id` FOREIGN KEY (`user_id`) REFERENCES `auth_user` (`id`)
) ENGINE=InnoDB DEFAULT CHARSET=latin1;
/*!40101 SET character_set_client = @saved_cs_client */;

--
-- Dumping data for table `auth_user_groups`
--

LOCK TABLES `auth_user_groups` WRITE;
/*!40000 ALTER TABLE `auth_user_groups` DISABLE KEYS */;
/*!40000 ALTER TABLE `auth_user_groups` ENABLE KEYS */;
UNLOCK TABLES;

--
-- Table structure for table `auth_user_user_permissions`
--

DROP TABLE IF EXISTS `auth_user_user_permissions`;
/*!40101 SET @saved_cs_client     = @@character_set_client */;
/*!40101 SET character_set_client = utf8 */;
CREATE TABLE `auth_user_user_permissions` (
  `id` int(11) NOT NULL AUTO_INCREMENT,
  `user_id` int(11) NOT NULL,
  `permission_id` int(11) NOT NULL,
  PRIMARY KEY (`id`),
  UNIQUE KEY `user_id` (`user_id`,`permission_id`),
  KEY `auth_user_u_permission_id_384b62483d7071f0_fk_auth_permission_id` (`permission_id`),
  CONSTRAINT `auth_user_u_permission_id_384b62483d7071f0_fk_auth_permission_id` FOREIGN KEY (`permission_id`) REFERENCES `auth_permission` (`id`),
  CONSTRAINT `auth_user_user_permissi_user_id_7f0938558328534a_fk_auth_user_id` FOREIGN KEY (`user_id`) REFERENCES `auth_user` (`id`)
) ENGINE=InnoDB DEFAULT CHARSET=latin1;
/*!40101 SET character_set_client = @saved_cs_client */;

--
-- Dumping data for table `auth_user_user_permissions`
--

LOCK TABLES `auth_user_user_permissions` WRITE;
/*!40000 ALTER TABLE `auth_user_user_permissions` DISABLE KEYS */;
/*!40000 ALTER TABLE `auth_user_user_permissions` ENABLE KEYS */;
UNLOCK TABLES;

--
-- Table structure for table `django_admin_log`
--

DROP TABLE IF EXISTS `django_admin_log`;
/*!40101 SET @saved_cs_client     = @@character_set_client */;
/*!40101 SET character_set_client = utf8 */;
CREATE TABLE `django_admin_log` (
  `id` int(11) NOT NULL AUTO_INCREMENT,
  `action_time` datetime(6) NOT NULL,
  `object_id` longtext,
  `object_repr` varchar(200) NOT NULL,
  `action_flag` smallint(5) unsigned NOT NULL,
  `change_message` longtext NOT NULL,
  `content_type_id` int(11) DEFAULT NULL,
  `user_id` int(11) NOT NULL,
  PRIMARY KEY (`id`),
  KEY `djang_content_type_id_697914295151027a_fk_django_content_type_id` (`content_type_id`),
  KEY `django_admin_log_user_id_52fdd58701c5f563_fk_auth_user_id` (`user_id`),
  CONSTRAINT `djang_content_type_id_697914295151027a_fk_django_content_type_id` FOREIGN KEY (`content_type_id`) REFERENCES `django_content_type` (`id`),
  CONSTRAINT `django_admin_log_user_id_52fdd58701c5f563_fk_auth_user_id` FOREIGN KEY (`user_id`) REFERENCES `auth_user` (`id`)
) ENGINE=InnoDB DEFAULT CHARSET=latin1;
/*!40101 SET character_set_client = @saved_cs_client */;

--
-- Dumping data for table `django_admin_log`
--

LOCK TABLES `django_admin_log` WRITE;
/*!40000 ALTER TABLE `django_admin_log` DISABLE KEYS */;
/*!40000 ALTER TABLE `django_admin_log` ENABLE KEYS */;
UNLOCK TABLES;

--
-- Table structure for table `django_content_type`
--

DROP TABLE IF EXISTS `django_content_type`;
/*!40101 SET @saved_cs_client     = @@character_set_client */;
/*!40101 SET character_set_client = utf8 */;
CREATE TABLE `django_content_type` (
  `id` int(11) NOT NULL AUTO_INCREMENT,
  `app_label` varchar(100) NOT NULL,
  `model` varchar(100) NOT NULL,
  PRIMARY KEY (`id`),
  UNIQUE KEY `django_content_type_app_label_45f3b1d93ec8c61c_uniq` (`app_label`,`model`)
) ENGINE=InnoDB AUTO_INCREMENT=10 DEFAULT CHARSET=latin1;
/*!40101 SET character_set_client = @saved_cs_client */;

--
-- Dumping data for table `django_content_type`
--

LOCK TABLES `django_content_type` WRITE;
/*!40000 ALTER TABLE `django_content_type` DISABLE KEYS */;
INSERT INTO `django_content_type` VALUES (1,'admin','logentry'),(3,'auth','group'),(2,'auth','permission'),(4,'auth','user'),(5,'contenttypes','contenttype'),(6,'sessions','session'),(9,'surajsite','loginlogs'),(7,'surajsite','siteuser'),(8,'surajsite','userlogs');
/*!40000 ALTER TABLE `django_content_type` ENABLE KEYS */;
UNLOCK TABLES;

--
-- Table structure for table `django_migrations`
--

DROP TABLE IF EXISTS `django_migrations`;
/*!40101 SET @saved_cs_client     = @@character_set_client */;
/*!40101 SET character_set_client = utf8 */;
CREATE TABLE `django_migrations` (
  `id` int(11) NOT NULL AUTO_INCREMENT,
  `app` varchar(255) NOT NULL,
  `name` varchar(255) NOT NULL,
  `applied` datetime(6) NOT NULL,
  PRIMARY KEY (`id`)
) ENGINE=InnoDB AUTO_INCREMENT=15 DEFAULT CHARSET=latin1;
/*!40101 SET character_set_client = @saved_cs_client */;

--
-- Dumping data for table `django_migrations`
--

LOCK TABLES `django_migrations` WRITE;
/*!40000 ALTER TABLE `django_migrations` DISABLE KEYS */;
INSERT INTO `django_migrations` VALUES (1,'contenttypes','0001_initial','2017-09-04 02:38:57.273200'),(2,'auth','0001_initial','2017-09-04 02:38:57.676841'),(3,'admin','0001_initial','2017-09-04 02:38:57.783363'),(4,'contenttypes','0002_remove_content_type_name','2017-09-04 02:38:57.868509'),(5,'auth','0002_alter_permission_name_max_length','2017-09-04 02:38:57.886503'),(6,'auth','0003_alter_user_email_max_length','2017-09-04 02:38:57.904284'),(7,'auth','0004_alter_user_username_opts','2017-09-04 02:38:57.917164'),(8,'auth','0005_alter_user_last_login_null','2017-09-04 02:38:57.960738'),(9,'auth','0006_require_contenttypes_0002','2017-09-04 02:38:57.964210'),(10,'sessions','0001_initial','2017-09-04 02:38:57.997202'),(11,'surajsite','0001_initial','2017-09-04 02:38:58.129302'),(12,'surajsite','0002_userlogs_timestamp','2017-09-05 01:01:02.143956'),(13,'surajsite','0003_auto_20170905_0828','2017-09-05 08:28:44.483792'),(14,'surajsite','0004_auto_20170907_0746','2017-09-07 07:46:55.305470');
/*!40000 ALTER TABLE `django_migrations` ENABLE KEYS */;
UNLOCK TABLES;

--
-- Table structure for table `django_session`
--

DROP TABLE IF EXISTS `django_session`;
/*!40101 SET @saved_cs_client     = @@character_set_client */;
/*!40101 SET character_set_client = utf8 */;
CREATE TABLE `django_session` (
  `session_key` varchar(40) NOT NULL,
  `session_data` longtext NOT NULL,
  `expire_date` datetime(6) NOT NULL,
  PRIMARY KEY (`session_key`),
  KEY `django_session_de54fa62` (`expire_date`)
) ENGINE=InnoDB DEFAULT CHARSET=latin1;
/*!40101 SET character_set_client = @saved_cs_client */;

--
-- Dumping data for table `django_session`
--

LOCK TABLES `django_session` WRITE;
/*!40000 ALTER TABLE `django_session` DISABLE KEYS */;
INSERT INTO `django_session` VALUES ('277fwrlj1oy5c9b0toqluqczlfz2ix27','MGIyOTI4NDM2ZTBlZTI0YjVlM2VlZDNmOTUzYWZjYWQ1OWM1OGUwODp7Il9hdXRoX3VzZXJfaGFzaCI6IjNmNjM5ODM5OWE2NTJjMDg1MWY2NDEwMDZlM2UzN2Y2NzM2MTkyNjkiLCJfYXV0aF91c2VyX2JhY2tlbmQiOiJkamFuZ28uY29udHJpYi5hdXRoLmJhY2tlbmRzLk1vZGVsQmFja2VuZCIsIl9hdXRoX3VzZXJfaWQiOiIxIn0=','2017-10-10 04:08:57.763911'),('27cke4kcdg52xvq1tdg5gabe32f3squa','MGIyOTI4NDM2ZTBlZTI0YjVlM2VlZDNmOTUzYWZjYWQ1OWM1OGUwODp7Il9hdXRoX3VzZXJfaGFzaCI6IjNmNjM5ODM5OWE2NTJjMDg1MWY2NDEwMDZlM2UzN2Y2NzM2MTkyNjkiLCJfYXV0aF91c2VyX2JhY2tlbmQiOiJkamFuZ28uY29udHJpYi5hdXRoLmJhY2tlbmRzLk1vZGVsQmFja2VuZCIsIl9hdXRoX3VzZXJfaWQiOiIxIn0=','2017-10-11 05:39:35.990944'),('4mjymsd5wavykrmaa9pwr6a3gmf04ut5','MGIyOTI4NDM2ZTBlZTI0YjVlM2VlZDNmOTUzYWZjYWQ1OWM1OGUwODp7Il9hdXRoX3VzZXJfaGFzaCI6IjNmNjM5ODM5OWE2NTJjMDg1MWY2NDEwMDZlM2UzN2Y2NzM2MTkyNjkiLCJfYXV0aF91c2VyX2JhY2tlbmQiOiJkamFuZ28uY29udHJpYi5hdXRoLmJhY2tlbmRzLk1vZGVsQmFja2VuZCIsIl9hdXRoX3VzZXJfaWQiOiIxIn0=','2017-10-09 21:16:26.791337'),('63nz3w0mi6quytwwl3b4okryesutaqo4','MGIyOTI4NDM2ZTBlZTI0YjVlM2VlZDNmOTUzYWZjYWQ1OWM1OGUwODp7Il9hdXRoX3VzZXJfaGFzaCI6IjNmNjM5ODM5OWE2NTJjMDg1MWY2NDEwMDZlM2UzN2Y2NzM2MTkyNjkiLCJfYXV0aF91c2VyX2JhY2tlbmQiOiJkamFuZ28uY29udHJpYi5hdXRoLmJhY2tlbmRzLk1vZGVsQmFja2VuZCIsIl9hdXRoX3VzZXJfaWQiOiIxIn0=','2017-10-11 06:35:48.265294'),('6eitrjormwy08eguhpz28gare18uc51r','YzMwOGE3YmNjY2VjNTVjODBjZTcyMjc2NDg5ODU0MTRlMDU0NjdhYjp7Il9hdXRoX3VzZXJfaGFzaCI6ImNkOTc1NGMyMDlhYjFiZTJjZWU0M2Q3MmZiYjBkZTBmMTI3NmJjNzYiLCJfYXV0aF91c2VyX2JhY2tlbmQiOiJkamFuZ28uY29udHJpYi5hdXRoLmJhY2tlbmRzLk1vZGVsQmFja2VuZCIsIl9hdXRoX3VzZXJfaWQiOiIyIn0=','2017-10-07 22:46:20.406869'),('6mwrc5i210v151bxujwe7o2g1zk97ybq','MGIyOTI4NDM2ZTBlZTI0YjVlM2VlZDNmOTUzYWZjYWQ1OWM1OGUwODp7Il9hdXRoX3VzZXJfaGFzaCI6IjNmNjM5ODM5OWE2NTJjMDg1MWY2NDEwMDZlM2UzN2Y2NzM2MTkyNjkiLCJfYXV0aF91c2VyX2JhY2tlbmQiOiJkamFuZ28uY29udHJpYi5hdXRoLmJhY2tlbmRzLk1vZGVsQmFja2VuZCIsIl9hdXRoX3VzZXJfaWQiOiIxIn0=','2017-10-11 04:53:35.027528'),('erykqlptiwx3hdvtgcx3e3fcht7k0fe3','MGIyOTI4NDM2ZTBlZTI0YjVlM2VlZDNmOTUzYWZjYWQ1OWM1OGUwODp7Il9hdXRoX3VzZXJfaGFzaCI6IjNmNjM5ODM5OWE2NTJjMDg1MWY2NDEwMDZlM2UzN2Y2NzM2MTkyNjkiLCJfYXV0aF91c2VyX2JhY2tlbmQiOiJkamFuZ28uY29udHJpYi5hdXRoLmJhY2tlbmRzLk1vZGVsQmFja2VuZCIsIl9hdXRoX3VzZXJfaWQiOiIxIn0=','2017-10-07 08:06:10.752576'),('j3mkllifjckwjmlswwtilms0xl4vpomy','MGIyOTI4NDM2ZTBlZTI0YjVlM2VlZDNmOTUzYWZjYWQ1OWM1OGUwODp7Il9hdXRoX3VzZXJfaGFzaCI6IjNmNjM5ODM5OWE2NTJjMDg1MWY2NDEwMDZlM2UzN2Y2NzM2MTkyNjkiLCJfYXV0aF91c2VyX2JhY2tlbmQiOiJkamFuZ28uY29udHJpYi5hdXRoLmJhY2tlbmRzLk1vZGVsQmFja2VuZCIsIl9hdXRoX3VzZXJfaWQiOiIxIn0=','2017-09-20 10:57:40.946737'),('ohaw7aaniu11rexerugj2pdgwrq2dcal','MGIyOTI4NDM2ZTBlZTI0YjVlM2VlZDNmOTUzYWZjYWQ1OWM1OGUwODp7Il9hdXRoX3VzZXJfaGFzaCI6IjNmNjM5ODM5OWE2NTJjMDg1MWY2NDEwMDZlM2UzN2Y2NzM2MTkyNjkiLCJfYXV0aF91c2VyX2JhY2tlbmQiOiJkamFuZ28uY29udHJpYi5hdXRoLmJhY2tlbmRzLk1vZGVsQmFja2VuZCIsIl9hdXRoX3VzZXJfaWQiOiIxIn0=','2017-10-08 00:44:09.867465'),('opi2a7hxu7v0a2owcbxtg1z8nnz8t4i4','MGIyOTI4NDM2ZTBlZTI0YjVlM2VlZDNmOTUzYWZjYWQ1OWM1OGUwODp7Il9hdXRoX3VzZXJfaGFzaCI6IjNmNjM5ODM5OWE2NTJjMDg1MWY2NDEwMDZlM2UzN2Y2NzM2MTkyNjkiLCJfYXV0aF91c2VyX2JhY2tlbmQiOiJkamFuZ28uY29udHJpYi5hdXRoLmJhY2tlbmRzLk1vZGVsQmFja2VuZCIsIl9hdXRoX3VzZXJfaWQiOiIxIn0=','2017-10-11 07:10:42.119482'),('sb0jom9np116ht4u739obmnsmeib3l8q','MGIyOTI4NDM2ZTBlZTI0YjVlM2VlZDNmOTUzYWZjYWQ1OWM1OGUwODp7Il9hdXRoX3VzZXJfaGFzaCI6IjNmNjM5ODM5OWE2NTJjMDg1MWY2NDEwMDZlM2UzN2Y2NzM2MTkyNjkiLCJfYXV0aF91c2VyX2JhY2tlbmQiOiJkamFuZ28uY29udHJpYi5hdXRoLmJhY2tlbmRzLk1vZGVsQmFja2VuZCIsIl9hdXRoX3VzZXJfaWQiOiIxIn0=','2017-10-07 23:29:17.864615'),('wnm1j2vy4v7a0olpy4qx2krgarkqu7f4','YzMwOGE3YmNjY2VjNTVjODBjZTcyMjc2NDg5ODU0MTRlMDU0NjdhYjp7Il9hdXRoX3VzZXJfaGFzaCI6ImNkOTc1NGMyMDlhYjFiZTJjZWU0M2Q3MmZiYjBkZTBmMTI3NmJjNzYiLCJfYXV0aF91c2VyX2JhY2tlbmQiOiJkamFuZ28uY29udHJpYi5hdXRoLmJhY2tlbmRzLk1vZGVsQmFja2VuZCIsIl9hdXRoX3VzZXJfaWQiOiIyIn0=','2017-10-11 07:31:37.259706'),('zp744t0mvks3aqo30puxvagnn28j1yjs','MGIyOTI4NDM2ZTBlZTI0YjVlM2VlZDNmOTUzYWZjYWQ1OWM1OGUwODp7Il9hdXRoX3VzZXJfaGFzaCI6IjNmNjM5ODM5OWE2NTJjMDg1MWY2NDEwMDZlM2UzN2Y2NzM2MTkyNjkiLCJfYXV0aF91c2VyX2JhY2tlbmQiOiJkamFuZ28uY29udHJpYi5hdXRoLmJhY2tlbmRzLk1vZGVsQmFja2VuZCIsIl9hdXRoX3VzZXJfaWQiOiIxIn0=','2017-10-11 04:23:49.408968');
/*!40000 ALTER TABLE `django_session` ENABLE KEYS */;
UNLOCK TABLES;

--
-- Table structure for table `surajsite_loginlogs`
--

DROP TABLE IF EXISTS `surajsite_loginlogs`;
/*!40101 SET @saved_cs_client     = @@character_set_client */;
/*!40101 SET character_set_client = utf8 */;
CREATE TABLE `surajsite_loginlogs` (
  `id` int(11) NOT NULL AUTO_INCREMENT,
  `action` varchar(64) NOT NULL,
  `ip` char(39) DEFAULT NULL,
  `username` varchar(256) DEFAULT NULL,
  `timestamp` datetime(6) NOT NULL,
  PRIMARY KEY (`id`)
) ENGINE=InnoDB AUTO_INCREMENT=312 DEFAULT CHARSET=latin1;
/*!40101 SET character_set_client = @saved_cs_client */;

--
-- Dumping data for table `surajsite_loginlogs`
--

LOCK TABLES `surajsite_loginlogs` WRITE;
/*!40000 ALTER TABLE `surajsite_loginlogs` DISABLE KEYS */;
INSERT INTO `surajsite_loginlogs` VALUES (157,'user_logged_out','127.0.0.1','aaa','2017-09-07 09:47:56.149030'),(158,'user_logged_in','127.0.0.1','ddd','2017-09-07 09:48:16.407218'),(159,'user_logged_out','127.0.0.1','ddd','2017-09-07 09:48:19.128468'),(160,'user_logged_in','127.0.0.1','ddd','2017-09-07 18:05:28.095099'),(161,'user_logged_out','127.0.0.1','ddd','2017-09-07 18:08:44.588781'),(162,'user_logged_in','127.0.0.1','ddd','2017-09-07 18:10:33.974878'),(163,'user_logged_out','127.0.0.1','ddd','2017-09-07 18:11:27.023345'),(164,'user_logged_in','127.0.0.1','ddd','2017-09-07 18:13:45.092044'),(165,'user_logged_out','127.0.0.1','ddd','2017-09-07 19:21:54.431585'),(166,'user_logged_in','127.0.0.1','ddd','2017-09-07 19:21:57.807616'),(167,'user_logged_out','127.0.0.1','ddd','2017-09-07 19:22:05.419719'),(168,'user_logged_in','127.0.0.1','suraj','2017-09-07 19:22:23.102389'),(169,'user_logged_out','127.0.0.1','suraj','2017-09-07 19:22:36.427197'),(170,'user_logged_in','127.0.0.1','ddd','2017-09-07 19:23:02.339920'),(171,'user_logged_out','127.0.0.1','ddd','2017-09-07 19:26:40.160833'),(172,'user_logged_in','127.0.0.1','suraj','2017-09-07 19:27:36.115356'),(173,'user_logged_out','127.0.0.1','suraj','2017-09-07 19:27:51.086278'),(174,'user_logged_in','127.0.0.1','aaa','2017-09-07 19:30:37.231548'),(175,'user_logged_out','127.0.0.1','aaa','2017-09-07 19:30:42.664988'),(176,'user_logged_in','127.0.0.1','ddd','2017-09-07 19:30:48.127706'),(177,'user_logged_in','127.0.0.1','ddd','2017-09-07 19:53:32.947315'),(178,'user_logged_out','127.0.0.1','ddd','2017-09-07 19:53:40.981669'),(179,'user_logged_in','127.0.0.1','ddd','2017-09-07 19:54:04.831069'),(180,'user_logged_out','127.0.0.1','ddd','2017-09-07 20:07:57.846476'),(181,'user_logged_in','127.0.0.1','aaa','2017-09-07 20:08:05.336339'),(182,'user_logged_out','127.0.0.1','aaa','2017-09-07 20:09:14.545003'),(183,'user_logged_in','127.0.0.1','bbb','2017-09-07 20:09:23.718478'),(184,'user_logged_out','127.0.0.1','bbb','2017-09-07 20:10:38.855614'),(185,'user_logged_in','127.0.0.1','ccc','2017-09-07 20:10:44.839759'),(186,'user_logged_out','127.0.0.1','ccc','2017-09-07 20:12:25.962154'),(187,'user_logged_in','127.0.0.1','ccc','2017-09-07 20:14:03.235047'),(188,'user_logged_out','127.0.0.1','ccc','2017-09-07 20:14:10.256440'),(189,'user_logged_in','127.0.0.1','ccc','2017-09-07 20:20:27.436269'),(190,'user_logged_out','127.0.0.1','ccc','2017-09-07 20:20:29.828991'),(191,'user_logged_in','127.0.0.1','ccc','2017-09-07 20:37:47.738323'),(192,'user_logged_out','127.0.0.1','ccc','2017-09-07 20:37:52.238263'),(193,'user_logged_in','127.0.0.1','eee','2017-09-07 20:40:05.526894'),(194,'user_logged_out','127.0.0.1','eee','2017-09-07 20:40:42.884022'),(195,'user_logged_in','127.0.0.1','eee','2017-09-07 20:40:45.032311'),(196,'user_logged_out','127.0.0.1','eee','2017-09-07 20:42:23.441977'),(197,'user_logged_in','127.0.0.1','eee','2017-09-07 20:42:30.384742'),(198,'user_logged_out','127.0.0.1','eee','2017-09-07 20:46:01.272133'),(199,'user_logged_in','127.0.0.1','eee','2017-09-07 20:46:05.127486'),(200,'user_logged_out','127.0.0.1','eee','2017-09-07 20:46:35.008740'),(201,'user_logged_in','127.0.0.1','eee','2017-09-07 20:46:38.691156'),(202,'user_logged_out','127.0.0.1','eee','2017-09-07 20:48:17.603399'),(203,'user_logged_in','127.0.0.1','eee','2017-09-07 20:48:20.210415'),(204,'user_logged_out','127.0.0.1','eee','2017-09-07 20:48:38.300626'),(205,'user_logged_in','127.0.0.1','eee','2017-09-07 20:50:58.152650'),(206,'user_logged_out','127.0.0.1','eee','2017-09-07 20:51:27.548890'),(207,'user_logged_in','127.0.0.1','eee','2017-09-07 20:51:29.808833'),(208,'user_logged_out','127.0.0.1','eee','2017-09-07 20:54:41.768718'),(209,'user_logged_in','127.0.0.1','eee','2017-09-07 20:54:44.155677'),(210,'user_logged_out','127.0.0.1','eee','2017-09-07 20:55:59.570075'),(211,'user_logged_in','127.0.0.1','eee','2017-09-07 20:56:01.775590'),(212,'user_logged_out','127.0.0.1','eee','2017-09-07 20:56:40.205383'),(213,'user_logged_in','127.0.0.1','eee','2017-09-07 21:00:08.975067'),(214,'user_logged_out','127.0.0.1','eee','2017-09-07 21:03:18.040858'),(215,'user_logged_in','127.0.0.1','eee','2017-09-07 21:03:20.506778'),(216,'user_logged_out','127.0.0.1','eee','2017-09-07 21:03:41.423340'),(217,'user_logged_in','127.0.0.1','eee','2017-09-07 21:13:34.560263'),(218,'user_logged_out','127.0.0.1','eee','2017-09-07 21:14:15.771378'),(219,'user_logged_in','127.0.0.1','eee','2017-09-07 21:15:15.424671'),(220,'user_logged_out','127.0.0.1','eee','2017-09-08 18:49:21.139796'),(221,'user_logged_in','127.0.0.1','eee','2017-09-08 18:50:30.455733'),(222,'user_logged_out','127.0.0.1','eee','2017-09-08 18:50:35.220862'),(223,'user_logged_in','127.0.0.1','aaa','2017-09-08 18:51:23.566033'),(224,'user_logged_out','127.0.0.1','aaa','2017-09-08 18:52:17.007197'),(225,'user_logged_in','127.0.0.1','aaa','2017-09-08 18:52:35.062987'),(226,'user_logged_out','127.0.0.1','aaa','2017-09-08 18:54:00.490141'),(227,'user_logged_in','127.0.0.1','aaa','2017-09-11 04:33:58.849741'),(228,'user_logged_out','127.0.0.1','aaa','2017-09-11 04:34:01.784619'),(229,'user_logged_in','127.0.0.1','aaa','2017-09-11 04:34:04.447413'),(230,'user_logged_out','127.0.0.1','aaa','2017-09-11 04:34:06.881735'),(231,'user_logged_in','127.0.0.1','aaa','2017-09-11 04:34:09.862423'),(232,'user_logged_out','127.0.0.1','aaa','2017-09-11 04:34:26.362983'),(233,'user_logged_in','127.0.0.1','eee','2017-09-11 21:45:28.543276'),(234,'user_logged_out','127.0.0.1','eee','2017-09-11 21:47:24.046007'),(235,'user_logged_in','127.0.0.1','bbb','2017-09-11 21:47:30.522273'),(236,'user_logged_out','127.0.0.1','bbb','2017-09-11 21:48:14.254602'),(237,'user_logged_in','127.0.0.1','aaa','2017-09-23 08:06:10.751240'),(238,'user_logged_in','127.0.0.1','aaa','2017-09-23 22:45:18.935097'),(239,'user_logged_out','127.0.0.1','aaa','2017-09-23 22:46:11.727840'),(240,'user_logged_in','127.0.0.1','bbb','2017-09-23 22:46:20.404582'),(241,'user_logged_in','127.0.0.1','aaa','2017-09-23 22:57:54.644138'),(242,'user_logged_out','127.0.0.1','aaa','2017-09-23 22:58:33.944371'),(243,'user_logged_in','127.0.0.1','aaa','2017-09-23 23:29:17.862543'),(244,'user_logged_in','127.0.0.1','aaa','2017-09-24 00:44:09.864920'),(245,'user_logged_in','127.0.0.1','aaa','2017-09-25 00:32:21.826298'),(246,'user_logged_in','127.0.0.1','bbb','2017-09-25 00:33:15.194875'),(247,'user_logged_in','127.0.0.1','ccc','2017-09-25 00:33:44.744984'),(248,'user_logged_out','127.0.0.1','ccc','2017-09-25 00:34:06.081540'),(249,'user_logged_in','127.0.0.1','ccc','2017-09-25 01:26:10.256739'),(250,'user_logged_in','127.0.0.1','ccc','2017-09-25 01:33:30.442158'),(251,'user_logged_out','127.0.0.1','ccc','2017-09-25 01:35:03.872035'),(252,'user_logged_in','127.0.0.1','ddd','2017-09-25 01:35:11.207048'),(253,'user_logged_out','127.0.0.1','ddd','2017-09-25 01:40:17.499360'),(254,'user_logged_in','127.0.0.1','ddd','2017-09-25 01:40:19.944462'),(255,'user_logged_out','127.0.0.1','ddd','2017-09-25 04:56:53.320187'),(256,'user_logged_in','127.0.0.1','ddd','2017-09-25 04:56:56.476008'),(257,'user_logged_in','127.0.0.1','ddd','2017-09-25 05:04:40.592232'),(258,'user_logged_in','127.0.0.1','ddd','2017-09-25 05:32:29.495229'),(259,'user_logged_out','127.0.0.1','ddd','2017-09-25 05:50:11.186052'),(260,'user_logged_in','127.0.0.1','ddd','2017-09-25 05:50:14.152916'),(261,'user_logged_in','127.0.0.1','ddd','2017-09-25 07:20:21.104701'),(262,'user_logged_out','127.0.0.1','ddd','2017-09-25 07:24:01.171974'),(263,'user_logged_in','127.0.0.1','ddd','2017-09-25 07:24:03.951228'),(264,'user_logged_in','127.0.0.1','ddd','2017-09-25 07:24:28.178565'),(265,'user_logged_in','127.0.0.1','aaa','2017-09-25 08:01:07.020234'),(266,'user_logged_out','127.0.0.1','aaa','2017-09-25 08:01:52.189126'),(267,'user_logged_out','127.0.0.1','ddd','2017-09-25 09:08:11.814913'),(268,'user_logged_in','127.0.0.1','eee','2017-09-25 09:15:49.964249'),(269,'user_logged_out','127.0.0.1','eee','2017-09-25 09:15:58.935546'),(270,'user_logged_in','127.0.0.1','aaa','2017-09-25 21:16:26.788255'),(271,'user_logged_in','127.0.0.1','eee','2017-09-25 22:36:52.058395'),(272,'user_logged_out','127.0.0.1','eee','2017-09-26 00:38:56.807837'),(273,'user_logged_in','127.0.0.1','ddd','2017-09-26 00:39:02.147855'),(274,'user_logged_in','127.0.0.1','ddd','2017-09-26 01:36:45.068892'),(275,'user_logged_in','127.0.0.1','aaa','2017-09-26 04:08:57.762635'),(276,'user_logged_in','127.0.0.1','aaa','2017-09-26 05:44:49.982538'),(277,'user_logged_in','127.0.0.1','aaa','2017-09-26 05:46:54.255724'),(278,'user_logged_in','127.0.0.1','ddd','2017-09-26 05:54:38.569934'),(279,'user_logged_out','127.0.0.1','ddd','2017-09-26 06:32:52.864215'),(280,'user_logged_in','127.0.0.1','ddd','2017-09-26 06:32:54.810645'),(281,'user_logged_out','127.0.0.1','ddd','2017-09-26 06:52:02.428500'),(282,'user_logged_in','127.0.0.1','ddd','2017-09-26 06:52:05.148209'),(283,'user_logged_in','127.0.0.1','ddd','2017-09-26 10:41:16.336150'),(284,'user_logged_in','127.0.0.1','ddd','2017-09-26 22:00:09.433399'),(285,'user_logged_in','127.0.0.1','ddd','2017-09-27 01:13:02.432761'),(286,'user_logged_out','127.0.0.1','ddd','2017-09-27 01:13:45.218624'),(287,'user_logged_in','127.0.0.1','ddd','2017-09-27 01:31:45.718319'),(288,'user_logged_in','127.0.0.1','aaa','2017-09-27 02:04:08.345924'),(289,'user_logged_out','127.0.0.1','aaa','2017-09-27 02:04:21.340072'),(290,'user_logged_out','127.0.0.1','ddd','2017-09-27 02:36:32.288152'),(291,'user_logged_in','127.0.0.1','aaa','2017-09-27 02:36:36.818609'),(292,'user_logged_out','127.0.0.1','aaa','2017-09-27 04:01:48.723353'),(293,'user_logged_in','127.0.0.1','bbb','2017-09-27 04:01:53.983988'),(294,'user_logged_in','127.0.0.1','bbb','2017-09-27 04:21:51.414653'),(295,'user_logged_in','127.0.0.1','aaa','2017-09-27 04:23:49.407561'),(296,'user_logged_in','127.0.0.1','aaa','2017-09-27 04:53:35.025009'),(297,'user_logged_in','127.0.0.1','aaa','2017-09-27 05:39:35.988523'),(298,'user_logged_in','127.0.0.1','aaa','2017-09-27 06:35:48.262353'),(299,'user_logged_in','127.0.0.1','aaa','2017-09-27 07:10:42.116974'),(300,'user_logged_out','127.0.0.1','bbb','2017-09-27 07:27:44.329586'),(301,'user_logged_in','127.0.0.1','aaa','2017-09-27 07:27:50.104236'),(302,'user_logged_out','127.0.0.1','aaa','2017-09-27 07:28:29.638066'),(303,'user_logged_in','127.0.0.1','bbb','2017-09-27 07:28:37.067208'),(304,'user_logged_out','127.0.0.1','bbb','2017-09-27 07:29:16.993008'),(305,'user_logged_in','127.0.0.1','ccc','2017-09-27 07:29:23.316102'),(306,'user_logged_out','127.0.0.1','ccc','2017-09-27 07:29:56.071080'),(307,'user_logged_in','127.0.0.1','ddd','2017-09-27 07:30:01.611927'),(308,'user_logged_out','127.0.0.1','ddd','2017-09-27 07:30:55.585744'),(309,'user_logged_in','127.0.0.1','ccc','2017-09-27 07:31:00.698600'),(310,'user_logged_out','127.0.0.1','ccc','2017-09-27 07:31:31.959000'),(311,'user_logged_in','127.0.0.1','bbb','2017-09-27 07:31:37.258326');
/*!40000 ALTER TABLE `surajsite_loginlogs` ENABLE KEYS */;
UNLOCK TABLES;

--
-- Table structure for table `surajsite_siteuser`
--

DROP TABLE IF EXISTS `surajsite_siteuser`;
/*!40101 SET @saved_cs_client     = @@character_set_client */;
/*!40101 SET character_set_client = utf8 */;
CREATE TABLE `surajsite_siteuser` (
  `user_ptr_id` int(11) NOT NULL,
  `created_on` datetime(6) NOT NULL,
  `last_modified` datetime(6) NOT NULL,
  PRIMARY KEY (`user_ptr_id`),
  CONSTRAINT `surajsite_siteuser_user_ptr_id_7775596263567289_fk_auth_user_id` FOREIGN KEY (`user_ptr_id`) REFERENCES `auth_user` (`id`)
) ENGINE=InnoDB DEFAULT CHARSET=latin1;
/*!40101 SET character_set_client = @saved_cs_client */;

--
-- Dumping data for table `surajsite_siteuser`
--

LOCK TABLES `surajsite_siteuser` WRITE;
/*!40000 ALTER TABLE `surajsite_siteuser` DISABLE KEYS */;
INSERT INTO `surajsite_siteuser` VALUES (1,'2017-09-04 02:54:13.805256','2017-09-04 02:54:13.805278'),(2,'2017-09-04 02:54:30.390302','2017-09-04 02:54:30.390324'),(3,'2017-09-04 02:54:39.956443','2017-09-04 02:54:39.956465'),(4,'2017-09-04 02:54:49.956591','2017-09-04 02:54:49.956614'),(5,'2017-09-04 02:55:00.886716','2017-09-04 02:55:00.886738'),(7,'2017-09-04 04:33:47.838025','2017-09-04 04:33:47.838049');
/*!40000 ALTER TABLE `surajsite_siteuser` ENABLE KEYS */;
UNLOCK TABLES;

--
-- Table structure for table `surajsite_userlogs`
--

DROP TABLE IF EXISTS `surajsite_userlogs`;
/*!40101 SET @saved_cs_client     = @@character_set_client */;
/*!40101 SET character_set_client = utf8 */;
CREATE TABLE `surajsite_userlogs` (
  `id` int(11) NOT NULL AUTO_INCREMENT,
  `action` varchar(256) NOT NULL,
  `link` longtext NOT NULL,
  `obj` longtext NOT NULL,
  `created_on` datetime(6) NOT NULL,
  `last_modified` datetime(6) NOT NULL,
  `user_id` int(11) NOT NULL,
  `timestamp` datetime(6) NOT NULL,
  `main_link` longtext,
  PRIMARY KEY (`id`),
  KEY `suraj_user_id_3cefafcd2d1a5bd0_fk_surajsite_siteuser_user_ptr_id` (`user_id`),
  CONSTRAINT `suraj_user_id_3cefafcd2d1a5bd0_fk_surajsite_siteuser_user_ptr_id` FOREIGN KEY (`user_id`) REFERENCES `surajsite_siteuser` (`user_ptr_id`)
) ENGINE=InnoDB AUTO_INCREMENT=898 DEFAULT CHARSET=latin1;
/*!40101 SET character_set_client = @saved_cs_client */;

--
-- Dumping data for table `surajsite_userlogs`
--

LOCK TABLES `surajsite_userlogs` WRITE;
/*!40000 ALTER TABLE `surajsite_userlogs` DISABLE KEYS */;
INSERT INTO `surajsite_userlogs` VALUES (562,'click','https://stackoverflow.com/questions/513832/how-do-i-compare-strings-in-java','How do I compare strings in Java?','2017-09-07 18:05:46.632941','2017-09-07 18:05:46.635610',4,'2017-09-07 18:05:46.718000','https://stackoverflow.com/questions/tagged/java?sort=frequent&pageSize=15'),(563,'click','https://stackoverflow.com#','favorite','2017-09-07 18:05:51.086721','2017-09-07 18:05:51.091313',4,'2017-09-07 18:05:51.274000','https://stackoverflow.com/questions/513832/how-do-i-compare-strings-in-java'),(564,'scroll down','','','2017-09-07 18:05:59.231965','2017-09-07 18:05:59.234597',4,'2017-09-07 18:05:59.448000','https://stackoverflow.com/questions/513832/how-do-i-compare-strings-in-java'),(565,'scroll down','','','2017-09-07 18:06:52.209062','2017-09-07 18:06:52.212848',4,'2017-09-07 18:06:52.397000','https://stackoverflow.com/questions/513832/how-do-i-compare-strings-in-java'),(566,'scroll down','','','2017-09-07 18:10:39.649888','2017-09-07 18:10:39.659083',4,'2017-09-07 18:10:39.822000','https://stackoverflow.com/questions/tagged/java?sort=frequent&pageSize=15'),(567,'scroll down','','','2017-09-07 18:10:50.115649','2017-09-07 18:10:50.121035',4,'2017-09-07 18:10:50.309000','https://stackoverflow.com/questions/tagged/java?sort=frequent&pageSize=15'),(568,'click','https://stackoverflow.com/questions/218384/what-is-a-nullpointerexception-and-how-do-i-fix-it','What is a NullPointerException, and how do I fix it?','2017-09-07 18:13:58.801869','2017-09-07 18:13:58.805055',4,'2017-09-07 18:13:58.959000','https://stackoverflow.com/questions/tagged/java?sort=frequent&pageSize=15'),(569,'hover','','up vote','2017-09-07 18:16:25.952110','2017-09-07 18:16:25.955953',4,'2017-09-07 18:16:26.107000','https://stackoverflow.com/questions/218384/what-is-a-nullpointerexception-and-how-do-i-fix-it'),(570,'hover','','up vote','2017-09-07 18:16:49.150513','2017-09-07 18:16:49.154217',4,'2017-09-07 18:16:49.347000','https://stackoverflow.com/questions/218384/what-is-a-nullpointerexception-and-how-do-i-fix-it'),(571,'scroll down','','','2017-09-07 18:17:30.969163','2017-09-07 18:17:30.972149',4,'2017-09-07 18:17:31.138000','https://stackoverflow.com/questions/10511897/assigning-more-than-one-class-for-one-event'),(572,'scroll down','','','2017-09-07 18:17:34.781315','2017-09-07 18:17:34.786886',4,'2017-09-07 18:17:34.984000','https://stackoverflow.com/questions/10511897/assigning-more-than-one-class-for-one-event'),(573,'scroll down','','','2017-09-07 18:17:38.127373','2017-09-07 18:17:38.131846',4,'2017-09-07 18:17:38.329000','https://stackoverflow.com/questions/10511897/assigning-more-than-one-class-for-one-event'),(574,'scroll down','','','2017-09-07 18:17:42.473940','2017-09-07 18:17:42.477247',4,'2017-09-07 18:17:42.677000','https://stackoverflow.com/questions/10511897/assigning-more-than-one-class-for-one-event'),(575,'scroll down','','','2017-09-07 18:17:45.938165','2017-09-07 18:17:45.943052',4,'2017-09-07 18:17:46.141000','https://stackoverflow.com/questions/10511897/assigning-more-than-one-class-for-one-event'),(576,'hover','https://stackoverflow.com/questions/tagged/nullpointerexception','nullpointerexception','2017-09-07 18:18:26.304957','2017-09-07 18:18:26.307753',4,'2017-09-07 18:18:26.501000','https://stackoverflow.com/questions/218384/what-is-a-nullpointerexception-and-how-do-i-fix-it'),(577,'hover','https://stackoverflow.com/questions/tagged/nullpointerexception','nullpointerexception','2017-09-07 18:18:39.251663','2017-09-07 18:18:39.254380',4,'2017-09-07 18:18:39.457000','https://stackoverflow.com/questions/218384/what-is-a-nullpointerexception-and-how-do-i-fix-it'),(578,'hover','https://stackoverflow.com/questions/tagged/java','java','2017-09-07 18:18:39.326344','2017-09-07 18:18:39.331383',4,'2017-09-07 18:18:39.530000','https://stackoverflow.com/questions/218384/what-is-a-nullpointerexception-and-how-do-i-fix-it'),(579,'scroll down','','','2017-09-07 18:22:17.502799','2017-09-07 18:22:17.505576',4,'2017-09-07 18:22:17.669000','https://stackoverflow.com/questions/11080631/track-bookmarking-event'),(580,'scroll down','','','2017-09-07 18:22:21.063838','2017-09-07 18:22:21.067014',4,'2017-09-07 18:22:21.268000','https://stackoverflow.com/questions/11080631/track-bookmarking-event'),(581,'hover','https://stackoverflow.com#','favorite','2017-09-07 18:23:19.793871','2017-09-07 18:23:19.796754',4,'2017-09-07 18:23:19.952000','https://stackoverflow.com/questions/6902695/can-i-detect-whether-a-browsers-bookmarks-toolbar-is-enabled-with-javascript'),(582,'scroll down','','','2017-09-07 18:23:23.221628','2017-09-07 18:23:23.226913',4,'2017-09-07 18:23:23.425000','https://stackoverflow.com/questions/6902695/can-i-detect-whether-a-browsers-bookmarks-toolbar-is-enabled-with-javascript'),(583,'scroll down','','','2017-09-07 18:23:31.493033','2017-09-07 18:23:31.495870',4,'2017-09-07 18:23:31.702000','https://stackoverflow.com/questions/6902695/can-i-detect-whether-a-browsers-bookmarks-toolbar-is-enabled-with-javascript'),(584,'scroll down','','','2017-09-07 18:23:36.658043','2017-09-07 18:23:36.660718',4,'2017-09-07 18:23:36.861000','https://stackoverflow.com/questions/6902695/can-i-detect-whether-a-browsers-bookmarks-toolbar-is-enabled-with-javascript'),(585,'scroll down','','','2017-09-07 18:23:44.435086','2017-09-07 18:23:44.437734',4,'2017-09-07 18:23:44.608000','https://stackoverflow.com/questions/5828965/bookmark-on-click-using-jquery'),(586,'scroll down','','','2017-09-07 18:24:04.750980','2017-09-07 18:24:04.755781',4,'2017-09-07 18:24:04.954000','https://stackoverflow.com/questions/5828965/bookmark-on-click-using-jquery'),(587,'scroll down','','','2017-09-07 18:24:07.475842','2017-09-07 18:24:07.478622',4,'2017-09-07 18:24:07.682000','https://stackoverflow.com/questions/5828965/bookmark-on-click-using-jquery'),(588,'scroll up','','','2017-09-07 18:24:19.684753','2017-09-07 18:24:19.688858',4,'2017-09-07 18:24:19.887000','https://stackoverflow.com/questions/5828965/bookmark-on-click-using-jquery'),(589,'hover','https://stackoverflow.com/questions/tagged/google-chrome','<img src=\"//i.stack.imgur.com/EdUwb.png\" height=\"16\" width=\"18\" alt=\"\" class=\"sponsor-tag-img\">google-chrome','2017-09-07 18:25:30.201439','2017-09-07 18:25:30.204435',4,'2017-09-07 18:25:30.314000','https://stackoverflow.com/questions/18872679/function-as-google-chrome-bookmark'),(590,'scroll down','','','2017-09-07 18:25:32.452354','2017-09-07 18:25:32.456126',4,'2017-09-07 18:25:32.655000','https://stackoverflow.com/questions/18872679/function-as-google-chrome-bookmark'),(591,'scroll down','','','2017-09-07 18:25:42.410486','2017-09-07 18:25:42.413511',4,'2017-09-07 18:25:42.611000','https://stackoverflow.com/questions/18872679/function-as-google-chrome-bookmark'),(592,'scroll down','','','2017-09-07 18:25:44.654124','2017-09-07 18:25:44.659021',4,'2017-09-07 18:25:44.857000','https://stackoverflow.com/questions/18872679/function-as-google-chrome-bookmark'),(593,'hover','','up vote','2017-09-07 18:25:46.815093','2017-09-07 18:25:46.817905',4,'2017-09-07 18:25:47.012000','https://stackoverflow.com/questions/18872679/function-as-google-chrome-bookmark'),(594,'scroll down','','','2017-09-07 18:25:47.299465','2017-09-07 18:25:47.302239',4,'2017-09-07 18:25:47.506000','https://stackoverflow.com/questions/18872679/function-as-google-chrome-bookmark'),(595,'scroll up','','','2017-09-07 18:25:50.604775','2017-09-07 18:25:50.608483',4,'2017-09-07 18:25:50.820000','https://stackoverflow.com/questions/18872679/function-as-google-chrome-bookmark'),(596,'scroll down','','','2017-09-07 18:27:24.219612','2017-09-07 18:27:24.223333',4,'2017-09-07 18:27:24.290000','https://stackoverflow.com/questions/14969467/how-to-check-with-jquery-if-any-form-is-submitted'),(597,'scroll down','','','2017-09-07 18:27:30.238090','2017-09-07 18:27:30.240949',4,'2017-09-07 18:27:30.445000','https://stackoverflow.com/questions/14969467/how-to-check-with-jquery-if-any-form-is-submitted'),(598,'scroll down','','','2017-09-07 18:27:36.149705','2017-09-07 18:27:36.154463',4,'2017-09-07 18:27:36.355000','https://stackoverflow.com/questions/14969467/how-to-check-with-jquery-if-any-form-is-submitted'),(599,'scroll down','','','2017-09-07 18:27:41.779543','2017-09-07 18:27:41.782426',4,'2017-09-07 18:27:42.000000','https://stackoverflow.com/questions/14969467/how-to-check-with-jquery-if-any-form-is-submitted'),(600,'scroll down','','','2017-09-07 18:27:45.472761','2017-09-07 18:27:45.476517',4,'2017-09-07 18:27:45.678000','https://stackoverflow.com/questions/14969467/how-to-check-with-jquery-if-any-form-is-submitted'),(601,'scroll down','','','2017-09-07 18:27:50.090038','2017-09-07 18:27:50.092960',4,'2017-09-07 18:27:50.294000','https://stackoverflow.com/questions/14969467/how-to-check-with-jquery-if-any-form-is-submitted'),(602,'scroll up','','','2017-09-07 18:27:51.477215','2017-09-07 18:27:51.480004',4,'2017-09-07 18:27:51.686000','https://stackoverflow.com/questions/14969467/how-to-check-with-jquery-if-any-form-is-submitted'),(603,'scroll up','','','2017-09-07 18:30:04.965303','2017-09-07 18:30:04.968297',4,'2017-09-07 18:30:05.133000','https://stackoverflow.com/questions/14969467/how-to-check-with-jquery-if-any-form-is-submitted'),(604,'Search','https://stackoverflow.com/search','/search','2017-09-07 19:04:00.393998','2017-09-07 19:04:00.398336',4,'2017-09-07 19:04:00.756000','https://stackoverflow.com/questions/tagged/java?sort=frequent&pageSize=15'),(605,'Search','https://stackoverflow.com/search','/search','2017-09-07 19:04:18.314838','2017-09-07 19:04:18.317874',4,'2017-09-07 19:04:18.683000','https://stackoverflow.com/search?q=%5Bjava%5D+random'),(606,'hover','https://stackoverflow.com/questions/tagged/c%2b%2b','c++','2017-09-07 19:04:46.058248','2017-09-07 19:04:46.065265',4,'2017-09-07 19:04:46.457000','https://stackoverflow.com/search?q=%5Bjava%5D+random'),(607,'Search','https://stackoverflow.com/search','/search','2017-09-07 19:05:33.530004','2017-09-07 19:05:33.539245',4,'2017-09-07 19:05:33.945000','https://stackoverflow.com/search?q=%5Bjava%5D+random'),(608,'Search','https://stackoverflow.com/search','/search','2017-09-07 19:05:37.704262','2017-09-07 19:05:37.707136',4,'2017-09-07 19:05:38.132000','https://stackoverflow.com/search?q=%5Bjava%5D+random'),(609,'Search','https://stackoverflow.com/search','/search','2017-09-07 19:06:20.655824','2017-09-07 19:06:20.658733',4,'2017-09-07 19:06:21.082000','https://stackoverflow.com/search?q=%5Bjava%5D+random'),(610,'Search','https://stackoverflow.com/search','/search','2017-09-07 19:06:22.034227','2017-09-07 19:06:22.037453',4,'2017-09-07 19:06:22.466000','https://stackoverflow.com/search?q=%5Bjava%5D+random'),(611,'click','https://stackoverflow.com/questions/513832/how-do-i-compare-strings-in-java','How do I compare strings in Java?','2017-09-07 19:23:25.726770','2017-09-07 19:23:25.730230',4,'2017-09-07 19:23:26.150000','https://stackoverflow.com/questions/tagged/java?sort=frequent&pageSize=15'),(612,'hover','https://stackoverflow.com/questions/tagged/java','java','2017-09-07 19:23:52.328846','2017-09-07 19:23:52.332329',4,'2017-09-07 19:23:52.765000','https://stackoverflow.com/questions/513832/how-do-i-compare-strings-in-java'),(613,'hover','https://stackoverflow.com/questions/tagged/string','string','2017-09-07 19:24:59.009053','2017-09-07 19:24:59.014500',4,'2017-09-07 19:24:59.384000','https://stackoverflow.com/questions/513832/how-do-i-compare-strings-in-java'),(614,'scroll down','','','2017-09-07 19:25:21.391873','2017-09-07 19:25:21.394818',4,'2017-09-07 19:25:21.816000','https://stackoverflow.com/questions/513832/how-do-i-compare-strings-in-java'),(615,'scroll up','','','2017-09-07 19:25:24.719305','2017-09-07 19:25:24.722205',4,'2017-09-07 19:25:25.143000','https://stackoverflow.com/questions/513832/how-do-i-compare-strings-in-java'),(616,'scroll down','','','2017-09-07 19:25:37.631440','2017-09-07 19:25:37.634413',4,'2017-09-07 19:25:38.064000','https://stackoverflow.com/questions/513832/how-do-i-compare-strings-in-java'),(617,'scroll up','','','2017-09-07 19:25:44.088690','2017-09-07 19:25:44.091778',4,'2017-09-07 19:25:44.525000','https://stackoverflow.com/questions/513832/how-do-i-compare-strings-in-java'),(618,'scroll down','','','2017-09-07 20:08:22.129790','2017-09-07 20:08:22.132978',1,'2017-09-07 20:08:23.304000','https://stackoverflow.com/questions/tagged/java?sort=frequent&pageSize=15'),(619,'click','https://stackoverflow.com/questions/504103/how-do-i-write-a-correct-micro-benchmark-in-java','How do I write a correct micro-benchmark in Java?','2017-09-07 20:08:25.852756','2017-09-07 20:08:25.855482',1,'2017-09-07 20:08:27.175000','https://stackoverflow.com/questions/tagged/java?sort=frequent&pageSize=15'),(620,'hover','','up vote','2017-09-07 20:08:33.852522','2017-09-07 20:08:33.856100',1,'2017-09-07 20:08:35.176000','https://stackoverflow.com/questions/504103/how-do-i-write-a-correct-micro-benchmark-in-java'),(621,'click','','up vote','2017-09-07 20:08:36.131385','2017-09-07 20:08:36.134129',1,'2017-09-07 20:08:37.458000','https://stackoverflow.com/questions/504103/how-do-i-write-a-correct-micro-benchmark-in-java'),(622,'hover','https://stackoverflow.com/questions/tagged/java','java','2017-09-07 20:08:39.927212','2017-09-07 20:08:39.929818',1,'2017-09-07 20:08:41.254000','https://stackoverflow.com/questions/504103/how-do-i-write-a-correct-micro-benchmark-in-java'),(623,'scroll up','','','2017-09-07 20:08:42.075935','2017-09-07 20:08:42.078558',1,'2017-09-07 20:08:43.403000','https://stackoverflow.com/questions/504103/how-do-i-write-a-correct-micro-benchmark-in-java'),(624,'scroll up','','','2017-09-07 20:08:45.123655','2017-09-07 20:08:45.126651',1,'2017-09-07 20:08:46.450000','https://stackoverflow.com/questions/504103/how-do-i-write-a-correct-micro-benchmark-in-java'),(625,'click','https://stackoverflow.com/questions/513832/how-do-i-compare-strings-in-java','How do I compare strings in Java?','2017-09-07 20:09:38.068032','2017-09-07 20:09:38.072029',2,'2017-09-07 20:09:39.376000','https://stackoverflow.com/questions/tagged/java?sort=frequent&pageSize=15'),(626,'hover','https://stackoverflow.com/questions/tagged/java','java','2017-09-07 20:09:40.308886','2017-09-07 20:09:40.311652',2,'2017-09-07 20:09:41.630000','https://stackoverflow.com/questions/513832/how-do-i-compare-strings-in-java'),(627,'Search','https://stackoverflow.com/search','/search','2017-09-07 20:09:44.609549','2017-09-07 20:09:44.612369',2,'2017-09-07 20:09:45.933000','https://stackoverflow.com/questions/513832/how-do-i-compare-strings-in-java'),(628,'hover','https://stackoverflow.com/questions/tagged/validation','validation','2017-09-07 20:09:46.766941','2017-09-07 20:09:46.771916',2,'2017-09-07 20:09:48.092000','https://stackoverflow.com/search?q=random+stuff'),(629,'click','https://stackoverflow.com/questions/9063329/why-isnt-this-returning-random-stuff?s=3|2.6427','\n        Q: why isn\'t this returning random stuff? \n    ','2017-09-07 20:09:47.403955','2017-09-07 20:09:47.406851',2,'2017-09-07 20:09:48.728000','https://stackoverflow.com/search?q=random+stuff'),(630,'scroll down','','','2017-09-07 20:09:50.035704','2017-09-07 20:09:50.038608',2,'2017-09-07 20:09:51.359000','https://stackoverflow.com/questions/9063329/why-isnt-this-returning-random-stuff'),(631,'scroll up','','','2017-09-07 20:09:51.498496','2017-09-07 20:09:51.501138',2,'2017-09-07 20:09:52.825000','https://stackoverflow.com/questions/9063329/why-isnt-this-returning-random-stuff'),(632,'Search','https://stackoverflow.com/questions/9063329/answer/submit','/questions/9063329/answer/submit','2017-09-07 20:09:53.329250','2017-09-07 20:09:53.331984',2,'2017-09-07 20:09:54.655000','https://stackoverflow.com/questions/9063329/why-isnt-this-returning-random-stuff'),(633,'scroll down','','','2017-09-07 20:09:54.592245','2017-09-07 20:09:54.595536',2,'2017-09-07 20:09:55.919000','https://stackoverflow.com/questions/9063329/why-isnt-this-returning-random-stuff'),(634,'scroll up','','','2017-09-07 20:09:56.888489','2017-09-07 20:09:56.891474',2,'2017-09-07 20:09:58.216000','https://stackoverflow.com/questions/9063329/why-isnt-this-returning-random-stuff'),(635,'scroll down','','','2017-09-07 20:10:15.121135','2017-09-07 20:10:15.123823',2,'2017-09-07 20:10:16.448000','https://stackoverflow.com/questions/9063329/why-isnt-this-returning-random-stuff'),(636,'Search','https://stackoverflow.com/questions/9063329/answer/submit','/questions/9063329/answer/submit','2017-09-07 20:10:19.147215','2017-09-07 20:10:19.149818',2,'2017-09-07 20:10:20.472000','https://stackoverflow.com/questions/9063329/why-isnt-this-returning-random-stuff'),(637,'scroll down','','','2017-09-07 20:10:20.566590','2017-09-07 20:10:20.571350',2,'2017-09-07 20:10:21.893000','https://stackoverflow.com/questions/9063329/why-isnt-this-returning-random-stuff'),(638,'scroll up','','','2017-09-07 20:10:24.280556','2017-09-07 20:10:24.283329',2,'2017-09-07 20:10:25.607000','https://stackoverflow.com/questions/9063329/why-isnt-this-returning-random-stuff'),(639,'hover','https://stackoverflow.com/questions/tagged/nullpointerexception','nullpointerexception','2017-09-07 20:11:06.216730','2017-09-07 20:11:06.219507',3,'2017-09-07 20:11:07.384000','https://stackoverflow.com/questions/tagged/java?sort=frequent&pageSize=15'),(640,'click','https://stackoverflow.com/questions/218384/what-is-a-nullpointerexception-and-how-do-i-fix-it','What is a NullPointerException, and how do I fix it?','2017-09-07 20:11:07.708868','2017-09-07 20:11:07.711846',3,'2017-09-07 20:11:09.029000','https://stackoverflow.com/questions/tagged/java?sort=frequent&pageSize=15'),(641,'hover','https://stackoverflow.com#','favorite','2017-09-07 20:11:09.551813','2017-09-07 20:11:09.554616',3,'2017-09-07 20:11:10.874000','https://stackoverflow.com/questions/218384/what-is-a-nullpointerexception-and-how-do-i-fix-it'),(642,'click','https://stackoverflow.com#','favorite','2017-09-07 20:11:10.367976','2017-09-07 20:11:10.370853',3,'2017-09-07 20:11:11.693000','https://stackoverflow.com/questions/218384/what-is-a-nullpointerexception-and-how-do-i-fix-it'),(643,'hover','','up vote','2017-09-07 20:11:12.634763','2017-09-07 20:11:12.637434',3,'2017-09-07 20:11:13.961000','https://stackoverflow.com/questions/218384/what-is-a-nullpointerexception-and-how-do-i-fix-it'),(644,'click','','up vote','2017-09-07 20:11:13.435492','2017-09-07 20:11:13.438191',3,'2017-09-07 20:11:14.762000','https://stackoverflow.com/questions/218384/what-is-a-nullpointerexception-and-how-do-i-fix-it'),(645,'scroll down','','','2017-09-07 20:11:16.008293','2017-09-07 20:11:16.010896',3,'2017-09-07 20:11:17.327000','https://stackoverflow.com/questions/218384/what-is-a-nullpointerexception-and-how-do-i-fix-it'),(646,'scroll down','','','2017-09-07 20:11:18.613166','2017-09-07 20:11:18.616062',3,'2017-09-07 20:11:19.940000','https://stackoverflow.com/questions/218384/what-is-a-nullpointerexception-and-how-do-i-fix-it'),(647,'scroll down','','','2017-09-07 20:11:21.276462','2017-09-07 20:11:21.280967',3,'2017-09-07 20:11:22.604000','https://stackoverflow.com/questions/218384/what-is-a-nullpointerexception-and-how-do-i-fix-it'),(648,'Search','https://stackoverflow.com/search','/search','2017-09-07 20:11:26.845798','2017-09-07 20:11:26.848411',3,'2017-09-07 20:11:28.172000','https://stackoverflow.com/questions/218384/what-is-a-nullpointerexception-and-how-do-i-fix-it'),(649,'click','https://stackoverflow.com/questions','Questions','2017-09-07 20:11:30.876891','2017-09-07 20:11:30.882104',3,'2017-09-07 20:11:32.188000','https://stackoverflow.com/search?q=use'),(650,'click','https://stackoverflow.com/documentation','Documentation <small class=\"beta-badge\">beta</small>','2017-09-07 20:11:33.587562','2017-09-07 20:11:33.590649',3,'2017-09-07 20:11:34.907000','https://stackoverflow.com/questions'),(651,'Search','https://stackoverflow.com/search','/search','2017-09-07 20:11:44.801467','2017-09-07 20:11:44.804268',3,'2017-09-07 20:11:46.113000','https://stackoverflow.com/documentation'),(652,'click','https://stackoverflow.com/questions/513832/how-do-i-compare-strings-in-java','How do I compare strings in Java?','2017-09-07 20:40:18.215987','2017-09-07 20:40:18.218830',5,'2017-09-07 20:40:19.575000','https://stackoverflow.com/questions/tagged/java?sort=frequent&pageSize=15'),(653,'click','https://stackoverflow.com/questions/218384/what-is-a-nullpointerexception-and-how-do-i-fix-it','What is a NullPointerException, and how do I fix it?','2017-09-07 20:40:26.388689','2017-09-07 20:40:26.391351',5,'2017-09-07 20:40:27.750000','https://stackoverflow.com/questions/tagged/java?sort=frequent&pageSize=15'),(654,'click','https://stackoverflow.com/questions/218384/what-is-a-nullpointerexception-and-how-do-i-fix-it','What is a NullPointerException, and how do I fix it?','2017-09-07 20:40:51.227826','2017-09-07 20:40:51.238065',5,'2017-09-07 20:40:52.593000','https://stackoverflow.com/questions/tagged/java?sort=frequent&pageSize=15'),(655,'hover','https://stackoverflow.com/questions/tagged/java','java','2017-09-07 20:41:06.012025','2017-09-07 20:41:06.015207',5,'2017-09-07 20:41:07.388000','https://stackoverflow.com/questions/218384/what-is-a-nullpointerexception-and-how-do-i-fix-it'),(656,'hover','https://stackoverflow.com/questions/tagged/java','java','2017-09-07 20:41:11.167488','2017-09-07 20:41:11.170257',5,'2017-09-07 20:41:12.532000','https://stackoverflow.com/questions/tagged/java?sort=frequent&pageSize=15'),(657,'hover','https://stackoverflow.com/questions/tagged/java','java','2017-09-07 20:41:19.579525','2017-09-07 20:41:19.582164',5,'2017-09-07 20:41:20.957000','https://stackoverflow.com/questions/tagged/java?sort=frequent&pageSize=15'),(658,'hover','https://stackoverflow.com/questions/tagged/java','java','2017-09-07 20:41:20.044860','2017-09-07 20:41:20.048721',5,'2017-09-07 20:41:21.423000','https://stackoverflow.com/questions/tagged/java?sort=frequent&pageSize=15'),(659,'hover','https://stackoverflow.com/questions/tagged/java','java','2017-09-07 20:41:23.358443','2017-09-07 20:41:23.361131',5,'2017-09-07 20:41:24.737000','https://stackoverflow.com/questions/tagged/java?sort=frequent&pageSize=15'),(660,'hover','https://stackoverflow.com/questions/tagged/string','string','2017-09-07 20:41:23.425948','2017-09-07 20:41:23.428648',5,'2017-09-07 20:41:24.804000','https://stackoverflow.com/questions/tagged/java?sort=frequent&pageSize=15'),(661,'hover','https://stackoverflow.com/questions/tagged/nullpointerexception','nullpointerexception','2017-09-07 20:41:25.807487','2017-09-07 20:41:25.810202',5,'2017-09-07 20:41:27.184000','https://stackoverflow.com/questions/tagged/java?sort=frequent&pageSize=15'),(662,'hover','https://stackoverflow.com/questions/tagged/pass-by-value','pass-by-value','2017-09-07 20:41:38.079140','2017-09-07 20:41:38.081754',5,'2017-09-07 20:41:39.457000','https://stackoverflow.com/questions/tagged/java?sort=frequent&pageSize=15'),(663,'click','https://stackoverflow.com/questions/218384/what-is-a-nullpointerexception-and-how-do-i-fix-it','What is a NullPointerException, and how do I fix it?','2017-09-07 20:42:38.697579','2017-09-07 20:42:38.700383',5,'2017-09-07 20:42:40.063000','https://stackoverflow.com/questions/tagged/java?sort=frequent&pageSize=15'),(664,'click','https://stackoverflow.com/questions/218384/what-is-a-nullpointerexception-and-how-do-i-fix-it','What is a NullPointerException, and how do I fix it?','2017-09-07 20:46:08.988333','2017-09-07 20:46:08.990912',5,'2017-09-07 20:46:10.361000','https://stackoverflow.com/questions/tagged/java?sort=frequent&pageSize=15'),(665,'hover','https://stackoverflow.com/questions/tagged/nullpointerexception','nullpointerexception','2017-09-07 20:46:41.101852','2017-09-07 20:46:41.105745',5,'2017-09-07 20:46:42.474000','https://stackoverflow.com/questions/tagged/java?sort=frequent&pageSize=15'),(666,'click','https://stackoverflow.com/questions/218384/what-is-a-nullpointerexception-and-how-do-i-fix-it','What is a NullPointerException, and how do I fix it?','2017-09-07 20:46:46.257379','2017-09-07 20:46:46.259964',5,'2017-09-07 20:46:47.634000','https://stackoverflow.com/questions/tagged/java?sort=frequent&pageSize=15'),(667,'hover','https://stackoverflow.com/questions/tagged/java','java','2017-09-07 20:46:49.121519','2017-09-07 20:46:49.124087',5,'2017-09-07 20:46:50.501000','https://stackoverflow.com/questions/218384/what-is-a-nullpointerexception-and-how-do-i-fix-it'),(668,'hover','https://stackoverflow.com/questions/tagged/nullpointerexception','nullpointerexception','2017-09-07 20:46:49.236042','2017-09-07 20:46:49.238743',5,'2017-09-07 20:46:50.616000','https://stackoverflow.com/questions/218384/what-is-a-nullpointerexception-and-how-do-i-fix-it'),(669,'hover','https://stackoverflow.com/questions/tagged/nullpointerexception','nullpointerexception','2017-09-07 20:46:55.265550','2017-09-07 20:46:55.268246',5,'2017-09-07 20:46:56.644000','https://stackoverflow.com/questions/tagged/java?sort=frequent&pageSize=15'),(670,'click','https://stackoverflow.com/questions/513832/how-do-i-compare-strings-in-java','How do I compare strings in Java?','2017-09-07 20:46:56.799730','2017-09-07 20:46:56.805289',5,'2017-09-07 20:46:58.177000','https://stackoverflow.com/questions/tagged/java?sort=frequent&pageSize=15'),(671,'click','https://stackoverflow.com/questions/218384/what-is-a-nullpointerexception-and-how-do-i-fix-it','What is a NullPointerException, and how do I fix it?','2017-09-07 20:48:26.957050','2017-09-07 20:48:26.960000',5,'2017-09-07 20:48:28.330000','https://stackoverflow.com/questions/tagged/java?sort=frequent&pageSize=15'),(672,'hover','https://stackoverflow.com#','favorite','2017-09-07 20:48:29.358101','2017-09-07 20:48:29.360930',5,'2017-09-07 20:48:30.740000','https://stackoverflow.com/questions/218384/what-is-a-nullpointerexception-and-how-do-i-fix-it'),(673,'click','https://stackoverflow.com#','favorite','2017-09-07 20:48:29.798384','2017-09-07 20:48:29.806200',5,'2017-09-07 20:48:31.180000','https://stackoverflow.com/questions/218384/what-is-a-nullpointerexception-and-how-do-i-fix-it'),(674,'hover','https://stackoverflow.com/questions/tagged/nullpointerexception','nullpointerexception','2017-09-07 20:48:34.719980','2017-09-07 20:48:34.722610',5,'2017-09-07 20:48:36.101000','https://stackoverflow.com/questions/tagged/java?sort=frequent&pageSize=15'),(675,'hover','https://stackoverflow.com/questions/tagged/parameter-passing','parameter-passing','2017-09-07 20:51:03.117356','2017-09-07 20:51:03.121138',5,'2017-09-07 20:51:04.497000','https://stackoverflow.com/questions/tagged/java?sort=frequent&pageSize=15'),(676,'hover','https://stackoverflow.com/questions/tagged/nullpointerexception','nullpointerexception','2017-09-07 20:51:36.369399','2017-09-07 20:51:36.372204',5,'2017-09-07 20:51:37.748000','https://stackoverflow.com/questions/tagged/java?sort=frequent&pageSize=15'),(677,'hover','https://stackoverflow.com/questions/tagged/parameter-passing','parameter-passing','2017-09-07 20:51:45.653823','2017-09-07 20:51:45.657052',5,'2017-09-07 20:51:47.037000','https://stackoverflow.com/questions/tagged/java?sort=frequent&pageSize=15'),(678,'click','https://stackoverflow.com/questions/218384/what-is-a-nullpointerexception-and-how-do-i-fix-it','What is a NullPointerException, and how do I fix it?','2017-09-07 20:52:05.963634','2017-09-07 20:52:05.966948',5,'2017-09-07 20:52:07.173000','https://stackoverflow.com/questions/tagged/java?sort=frequent&pageSize=15'),(679,'hover','','up vote','2017-09-07 20:52:07.223130','2017-09-07 20:52:07.225808',5,'2017-09-07 20:52:08.591000','https://stackoverflow.com/questions/218384/what-is-a-nullpointerexception-and-how-do-i-fix-it'),(680,'hover','https://stackoverflow.com#','favorite','2017-09-07 20:52:24.434665','2017-09-07 20:52:24.437586',5,'2017-09-07 20:52:25.820000','https://stackoverflow.com/questions/218384/what-is-a-nullpointerexception-and-how-do-i-fix-it'),(681,'hover','https://stackoverflow.com/questions/tagged/java','java','2017-09-07 20:54:51.893228','2017-09-07 20:54:51.895957',5,'2017-09-07 20:54:53.266000','https://stackoverflow.com/questions/tagged/java?sort=frequent&pageSize=15'),(682,'click','https://stackoverflow.com/questions/218384/what-is-a-nullpointerexception-and-how-do-i-fix-it','What is a NullPointerException, and how do I fix it?','2017-09-07 20:54:55.837984','2017-09-07 20:54:55.840950',5,'2017-09-07 20:54:57.224000','https://stackoverflow.com/questions/tagged/java?sort=frequent&pageSize=15'),(683,'hover','https://stackoverflow.com/questions/tagged/java','java','2017-09-07 20:55:02.980092','2017-09-07 20:55:02.982766',5,'2017-09-07 20:55:04.358000','https://stackoverflow.com/questions/218384/what-is-a-nullpointerexception-and-how-do-i-fix-it'),(684,'hover','https://stackoverflow.com/questions/tagged/nullpointerexception','nullpointerexception','2017-09-07 20:55:06.319256','2017-09-07 20:55:06.324712',5,'2017-09-07 20:55:07.707000','https://stackoverflow.com/questions/218384/what-is-a-nullpointerexception-and-how-do-i-fix-it'),(685,'scroll down','','','2017-09-07 20:55:11.844078','2017-09-07 20:55:11.853791',5,'2017-09-07 20:55:13.232000','https://stackoverflow.com/questions/218384/what-is-a-nullpointerexception-and-how-do-i-fix-it'),(686,'hover','https://stackoverflow.com/questions/tagged/java','java','2017-09-07 20:56:10.473746','2017-09-07 20:56:10.476430',5,'2017-09-07 20:56:11.844000','https://stackoverflow.com/questions/tagged/java?sort=frequent&pageSize=15'),(687,'click','https://stackoverflow.com/questions/218384/what-is-a-nullpointerexception-and-how-do-i-fix-it','What is a NullPointerException, and how do I fix it?','2017-09-07 20:56:14.985198','2017-09-07 20:56:14.987763',5,'2017-09-07 20:56:16.368000','https://stackoverflow.com/questions/tagged/java?sort=frequent&pageSize=15'),(688,'hover','https://stackoverflow.com/questions/tagged/nullpointerexception','nullpointerexception','2017-09-07 20:56:16.069802','2017-09-07 20:56:16.072441',5,'2017-09-07 20:56:17.455000','https://stackoverflow.com/questions/218384/what-is-a-nullpointerexception-and-how-do-i-fix-it'),(689,'hover','https://stackoverflow.com/questions/tagged/nullpointerexception','nullpointerexception','2017-09-07 20:56:17.597737','2017-09-07 20:56:17.601376',5,'2017-09-07 20:56:18.985000','https://stackoverflow.com/questions/218384/what-is-a-nullpointerexception-and-how-do-i-fix-it'),(690,'hover','https://stackoverflow.com/questions/tagged/nullpointerexception','nullpointerexception','2017-09-07 21:00:13.814941','2017-09-07 21:00:13.817937',5,'2017-09-07 21:00:15.201000','https://stackoverflow.com/questions/tagged/java?sort=frequent&pageSize=15'),(691,'hover','https://stackoverflow.com#','favorite','2017-09-07 21:00:16.133161','2017-09-07 21:00:16.136634',5,'2017-09-07 21:00:17.521000','https://stackoverflow.com/questions/40480/is-java-pass-by-reference-or-pass-by-value'),(692,'hover','https://stackoverflow.com/questions/tagged/java','java','2017-09-07 21:00:16.178135','2017-09-07 21:00:16.180850',5,'2017-09-07 21:00:17.564000','https://stackoverflow.com/questions/40480/is-java-pass-by-reference-or-pass-by-value'),(693,'hover','https://stackoverflow.com#','favorite','2017-09-07 21:00:17.955110','2017-09-07 21:00:17.957874',5,'2017-09-07 21:00:19.346000','https://stackoverflow.com/questions/40480/is-java-pass-by-reference-or-pass-by-value'),(694,'click','https://stackoverflow.com#','favorite','2017-09-07 21:00:18.592784','2017-09-07 21:00:18.595780',5,'2017-09-07 21:00:19.983000','https://stackoverflow.com/questions/40480/is-java-pass-by-reference-or-pass-by-value'),(695,'hover','','up vote','2017-09-07 21:00:42.526855','2017-09-07 21:00:42.530215',5,'2017-09-07 21:00:43.919000','https://stackoverflow.com/questions/40480/is-java-pass-by-reference-or-pass-by-value'),(696,'scroll down','','','2017-09-07 21:01:07.298583','2017-09-07 21:01:07.301434',5,'2017-09-07 21:01:08.677000','https://stackoverflow.com/questions/tagged/java?sort=frequent&pageSize=15'),(697,'click','https://stackoverflow.com/questions/23353173/unfortunately-myapp-has-stopped-how-can-i-solve-this','Unfortunately MyApp has stopped. How can I solve this?','2017-09-07 21:01:09.004899','2017-09-07 21:01:09.007416',5,'2017-09-07 21:01:10.388000','https://stackoverflow.com/questions/tagged/java?sort=frequent&pageSize=15'),(698,'hover','https://stackoverflow.com/questions/tagged/android','<img src=\"//i.stack.imgur.com/tKsDb.png\" height=\"16\" width=\"18\" alt=\"\" class=\"sponsor-tag-img\">android','2017-09-07 21:01:11.246505','2017-09-07 21:01:11.249265',5,'2017-09-07 21:01:12.633000','https://stackoverflow.com/questions/23353173/unfortunately-myapp-has-stopped-how-can-i-solve-this'),(699,'hover','https://stackoverflow.com/questions/tagged/pass-by-reference','pass-by-reference','2017-09-07 21:01:45.231179','2017-09-07 21:01:45.236107',5,'2017-09-07 21:01:46.615000','https://stackoverflow.com/questions/tagged/java?sort=frequent&pageSize=15'),(700,'hover','https://stackoverflow.com/questions/tagged/parameter-passing','parameter-passing','2017-09-07 21:01:46.171358','2017-09-07 21:01:46.181372',5,'2017-09-07 21:01:47.563000','https://stackoverflow.com/questions/tagged/java?sort=frequent&pageSize=15'),(701,'click','https://stackoverflow.com/questions/513832/how-do-i-compare-strings-in-java','How do I compare strings in Java?','2017-09-07 21:03:24.818881','2017-09-07 21:03:24.821654',5,'2017-09-07 21:03:26.194000','https://stackoverflow.com/questions/tagged/java?sort=frequent&pageSize=15'),(702,'click','https://stackoverflow.com/questions/218384/what-is-a-nullpointerexception-and-how-do-i-fix-it','What is a NullPointerException, and how do I fix it?','2017-09-07 21:13:39.694153','2017-09-07 21:13:39.696752',5,'2017-09-07 21:13:41.072000','https://stackoverflow.com/questions/tagged/java?sort=frequent&pageSize=15'),(703,'click','https://stackoverflow.com#','favorite','2017-09-07 21:13:41.215121','2017-09-07 21:13:41.217961',5,'2017-09-07 21:13:42.612000','https://stackoverflow.com/questions/218384/what-is-a-nullpointerexception-and-how-do-i-fix-it'),(704,'hover','https://stackoverflow.com/questions/tagged/java','java','2017-09-07 21:13:41.703690','2017-09-07 21:13:41.707790',5,'2017-09-07 21:13:43.103000','https://stackoverflow.com/questions/218384/what-is-a-nullpointerexception-and-how-do-i-fix-it'),(705,'hover','https://stackoverflow.com/questions/tagged/nullpointerexception','nullpointerexception','2017-09-07 21:13:43.244232','2017-09-07 21:13:43.247155',5,'2017-09-07 21:13:44.643000','https://stackoverflow.com/questions/218384/what-is-a-nullpointerexception-and-how-do-i-fix-it'),(706,'click','https://stackoverflow.com/questions/tagged/nullpointerexception','nullpointerexception','2017-09-07 21:13:43.685038','2017-09-07 21:13:43.687804',5,'2017-09-07 21:13:45.083000','https://stackoverflow.com/questions/218384/what-is-a-nullpointerexception-and-how-do-i-fix-it'),(707,'hover','https://stackoverflow.com/questions/tagged/spring','spring','2017-09-07 21:13:57.181422','2017-09-07 21:13:57.184186',5,'2017-09-07 21:13:58.567000','https://stackoverflow.com/questions/tagged/nullpointerexception'),(708,'click','https://stackoverflow.com/questions/9864267/loading-image-resource','Loading image resource','2017-09-07 21:13:58.850079','2017-09-07 21:13:58.852835',5,'2017-09-07 21:14:00.246000','https://stackoverflow.com/questions/tagged/nullpointerexception'),(709,'hover','https://stackoverflow.com#','favorite','2017-09-07 21:14:05.979476','2017-09-07 21:14:05.982075',5,'2017-09-07 21:14:07.374000','https://stackoverflow.com/questions/9864267/loading-image-resource'),(710,'click','https://stackoverflow.com#','favorite','2017-09-07 21:14:06.306119','2017-09-07 21:14:06.308940',5,'2017-09-07 21:14:07.706000','https://stackoverflow.com/questions/9864267/loading-image-resource'),(711,'click','https://stackoverflow.com#','favorite','2017-09-07 21:14:07.232759','2017-09-07 21:14:07.235459',5,'2017-09-07 21:14:08.631000','https://stackoverflow.com/questions/9864267/loading-image-resource'),(712,'hover','https://stackoverflow.com/questions/tagged/nullpointerexception','nullpointerexception','2017-09-07 21:15:20.429934','2017-09-07 21:15:20.432743',5,'2017-09-07 21:15:21.822000','https://stackoverflow.com/questions/tagged/nullpointerexception'),(713,'hover','https://stackoverflow.com/questions/tagged/nullpointerexception','nullpointerexception','2017-09-07 21:15:21.204269','2017-09-07 21:15:21.207329',5,'2017-09-07 21:15:22.604000','https://stackoverflow.com/questions/tagged/nullpointerexception'),(714,'hover','https://stackoverflow.com/questions/tagged/nullpointerexception','nullpointerexception','2017-09-07 21:15:22.866905','2017-09-07 21:15:22.870046',5,'2017-09-07 21:15:24.267000','https://stackoverflow.com/questions/tagged/nullpointerexception'),(715,'hover','https://stackoverflow.com/questions/tagged/null','null','2017-09-07 21:15:23.149723','2017-09-07 21:15:23.155255',5,'2017-09-07 21:15:24.551000','https://stackoverflow.com/questions/tagged/nullpointerexception'),(716,'scroll down','','','2017-09-07 21:15:23.617360','2017-09-07 21:15:23.620288',5,'2017-09-07 21:15:25.018000','https://stackoverflow.com/questions/tagged/nullpointerexception'),(717,'hover','https://stackoverflow.com/questions/tagged/null','null','2017-09-07 21:15:23.947668','2017-09-07 21:15:23.953017',5,'2017-09-07 21:15:25.349000','https://stackoverflow.com/questions/tagged/nullpointerexception'),(718,'click','https://stackoverflow.com/questions/3881/illegalargumentexception-or-nullpointerexception-for-a-null-parameter','IllegalArgumentException or NullPointerException for a null parameter? [closed]','2017-09-07 21:15:24.763985','2017-09-07 21:15:24.767210',5,'2017-09-07 21:15:26.161000','https://stackoverflow.com/questions/tagged/nullpointerexception'),(719,'hover','https://stackoverflow.com/questions/tagged/ajax','ajax','2017-09-26 06:57:59.103580','2017-09-26 06:57:59.112690',4,'2017-09-26 06:57:58.999000','https://stackoverflow.com/questions'),(720,'hover','https://stackoverflow.com/questions/tagged/security','security','2017-09-26 06:57:59.737715','2017-09-26 06:57:59.746527',4,'2017-09-26 06:57:59.880000','https://stackoverflow.com/questions'),(721,'hover','https://stackoverflow.com/questions/tagged/asynchronous','asynchronous','2017-09-26 06:58:00.553165','2017-09-26 06:58:00.555705',4,'2017-09-26 06:58:00.694000','https://stackoverflow.com/questions'),(722,'click','https://stackoverflow.com/questions/1732348/regex-match-open-tags-except-xhtml-self-contained-tags','RegEx match open tags except XHTML self-contained tags','2017-09-26 06:58:01.141880','2017-09-26 06:58:01.145443',4,'2017-09-26 06:58:01.244000','https://stackoverflow.com/questions'),(723,'hover','','up vote','2017-09-26 06:58:02.435922','2017-09-26 06:58:02.438524',4,'2017-09-26 06:58:02.590000','https://stackoverflow.com/questions/1732348/regex-match-open-tags-except-xhtml-self-contained-tags'),(724,'click','','up vote','2017-09-26 06:58:03.360467','2017-09-26 06:58:03.362944',4,'2017-09-26 06:58:03.513000','https://stackoverflow.com/questions/1732348/regex-match-open-tags-except-xhtml-self-contained-tags'),(725,'hover','https://stackoverflow.com/questions/tagged/null','null','2017-09-26 06:58:22.341270','2017-09-26 06:58:22.344519',4,'2017-09-26 06:58:22.299000','https://stackoverflow.com/questions'),(726,'scroll down','','','2017-09-26 06:58:22.984141','2017-09-26 06:58:22.986695',4,'2017-09-26 06:58:23.117000','https://stackoverflow.com/questions'),(727,'click','https://stackoverflow.com/questions/4660142/what-is-a-nullreferenceexception-and-how-do-i-fix-it','What is a NullReferenceException, and how do I fix it?','2017-09-26 06:58:23.274936','2017-09-26 06:58:23.283543',4,'2017-09-26 06:58:23.410000','https://stackoverflow.com/questions'),(728,'scroll down','','','2017-09-26 06:58:27.553611','2017-09-26 06:58:27.556111',4,'2017-09-26 06:58:27.683000','https://stackoverflow.com/questions/4660142/what-is-a-nullreferenceexception-and-how-do-i-fix-it'),(729,'scroll down','','','2017-09-26 06:58:29.166833','2017-09-26 06:58:29.169260',4,'2017-09-26 06:58:29.317000','https://stackoverflow.com/questions/4660142/what-is-a-nullreferenceexception-and-how-do-i-fix-it'),(730,'hover','https://stackoverflow.com/questions/tagged/nullreferenceexception','nullreferenceexception','2017-09-26 06:58:37.048170','2017-09-26 06:58:37.050970',4,'2017-09-26 06:58:37.199000','https://stackoverflow.com/questions/4660142/what-is-a-nullreferenceexception-and-how-do-i-fix-it'),(731,'hover','https://stackoverflow.com/questions/tagged/vb.net','vb.net','2017-09-26 06:58:38.312394','2017-09-26 06:58:38.314966',4,'2017-09-26 06:58:38.451000','https://stackoverflow.com/questions/4660142/what-is-a-nullreferenceexception-and-how-do-i-fix-it'),(732,'scroll up','','','2017-09-26 06:58:38.486718','2017-09-26 06:58:38.490226',4,'2017-09-26 06:58:38.641000','https://stackoverflow.com/questions/4660142/what-is-a-nullreferenceexception-and-how-do-i-fix-it'),(733,'scroll down','','','2017-09-26 08:43:10.124308','2017-09-26 08:43:10.132454',4,'2017-09-26 08:43:10.001000','https://stackoverflow.com/questions/38795381/how-to-create-multiple-fusion-charts-on-one-page'),(734,'scroll down','','','2017-09-26 08:43:13.666651','2017-09-26 08:43:13.669198',4,'2017-09-26 08:43:13.812000','https://stackoverflow.com/questions/38795381/how-to-create-multiple-fusion-charts-on-one-page'),(735,'scroll down','','','2017-09-26 08:43:15.546902','2017-09-26 08:43:15.549380',4,'2017-09-26 08:43:15.707000','https://stackoverflow.com/questions/38795381/how-to-create-multiple-fusion-charts-on-one-page'),(736,'scroll down','','','2017-09-26 09:06:50.485536','2017-09-26 09:06:50.488530',4,'2017-09-26 09:06:50.519000','https://stackoverflow.com/questions/571900/is-there-a-vr-vertical-rule-in-html'),(737,'scroll down','','','2017-09-26 09:11:30.935922','2017-09-26 09:11:30.939682',4,'2017-09-26 09:11:30.906000','https://stackoverflow.com/questions/25584359/creating-a-vertical-line-next-to-a-list-item'),(738,'scroll down','','','2017-09-26 09:11:33.762959','2017-09-26 09:11:33.765512',4,'2017-09-26 09:11:33.905000','https://stackoverflow.com/questions/25584359/creating-a-vertical-line-next-to-a-list-item'),(739,'scroll down','','','2017-09-26 09:24:21.754135','2017-09-26 09:24:21.758669',4,'2017-09-26 09:24:21.705000','https://stackoverflow.com/questions/13720418/resizing-li-elements-with-css'),(740,'scroll down','','','2017-09-26 09:24:25.449738','2017-09-26 09:24:25.457651',4,'2017-09-26 09:24:25.600000','https://stackoverflow.com/questions/13720418/resizing-li-elements-with-css'),(741,'scroll down','','','2017-09-26 09:24:26.947096','2017-09-26 09:24:26.949674',4,'2017-09-26 09:24:27.117000','https://stackoverflow.com/questions/13720418/resizing-li-elements-with-css'),(742,'scroll down','','','2017-09-26 09:24:33.128066','2017-09-26 09:24:33.131152',4,'2017-09-26 09:24:33.291000','https://stackoverflow.com/questions/13720418/resizing-li-elements-with-css'),(743,'scroll down','','','2017-09-26 09:39:07.012459','2017-09-26 09:39:07.015224',4,'2017-09-26 09:39:06.978000','https://stackoverflow.com/questions/35125110/django-nvd3-chart-tooltipcontent-is-not-a-function'),(744,'scroll down','','','2017-09-26 09:39:10.198279','2017-09-26 09:39:10.201194',4,'2017-09-26 09:39:10.355000','https://stackoverflow.com/questions/35125110/django-nvd3-chart-tooltipcontent-is-not-a-function'),(745,'scroll down','','','2017-09-26 09:39:16.971622','2017-09-26 09:39:16.974820',4,'2017-09-26 09:39:17.133000','https://stackoverflow.com/questions/35125110/django-nvd3-chart-tooltipcontent-is-not-a-function'),(746,'scroll down','','','2017-09-26 09:39:18.943062','2017-09-26 09:39:18.945702',4,'2017-09-26 09:39:19.098000','https://stackoverflow.com/questions/35125110/django-nvd3-chart-tooltipcontent-is-not-a-function'),(747,'scroll up','','','2017-09-26 09:39:26.075634','2017-09-26 09:39:26.078158',4,'2017-09-26 09:39:26.256000','https://stackoverflow.com/questions/35125110/django-nvd3-chart-tooltipcontent-is-not-a-function'),(748,'scroll up','','','2017-09-26 09:39:35.797744','2017-09-26 09:39:35.800435',4,'2017-09-26 09:39:35.965000','https://stackoverflow.com/questions/35125110/django-nvd3-chart-tooltipcontent-is-not-a-function'),(749,'scroll up','','','2017-09-26 09:39:38.875173','2017-09-26 09:39:38.877806',4,'2017-09-26 09:39:39.045000','https://stackoverflow.com/questions/35125110/django-nvd3-chart-tooltipcontent-is-not-a-function'),(750,'click','https://nvd3-community.github.io/nvd3/examples/documentation.html#tooltip','https://nvd3-community.github.io/nvd3/examples/documentation.html#tooltip','2017-09-26 09:39:40.176237','2017-09-26 09:39:40.179044',4,'2017-09-26 09:39:40.341000','https://stackoverflow.com/questions/35125110/django-nvd3-chart-tooltipcontent-is-not-a-function'),(751,'scroll up','','','2017-09-26 09:39:44.975816','2017-09-26 09:39:44.978548',4,'2017-09-26 09:39:45.132000','https://stackoverflow.com/questions/35125110/django-nvd3-chart-tooltipcontent-is-not-a-function'),(752,'scroll down','','','2017-09-26 09:39:48.414468','2017-09-26 09:39:48.417164',4,'2017-09-26 09:39:48.586000','https://stackoverflow.com/questions/35125110/django-nvd3-chart-tooltipcontent-is-not-a-function'),(753,'scroll down','','','2017-09-26 09:40:27.855435','2017-09-26 09:40:27.858433',4,'2017-09-26 09:40:27.869000','https://stackoverflow.com/questions/35125110/django-nvd3-chart-tooltipcontent-is-not-a-function'),(754,'scroll down','','','2017-09-26 09:40:33.181344','2017-09-26 09:40:33.184034',4,'2017-09-26 09:40:33.345000','https://stackoverflow.com/questions/35125110/django-nvd3-chart-tooltipcontent-is-not-a-function'),(755,'scroll down','','','2017-09-26 09:40:37.443472','2017-09-26 09:40:37.446203',4,'2017-09-26 09:40:37.624000','https://stackoverflow.com/questions/35125110/django-nvd3-chart-tooltipcontent-is-not-a-function'),(756,'scroll down','','','2017-09-26 09:40:40.756853','2017-09-26 09:40:40.759443',4,'2017-09-26 09:40:40.938000','https://stackoverflow.com/questions/35125110/django-nvd3-chart-tooltipcontent-is-not-a-function'),(757,'scroll down','','','2017-09-26 09:40:43.652457','2017-09-26 09:40:43.654973',4,'2017-09-26 09:40:43.834000','https://stackoverflow.com/questions/35125110/django-nvd3-chart-tooltipcontent-is-not-a-function'),(758,'scroll down','','','2017-09-26 09:41:21.238820','2017-09-26 09:41:21.243050',4,'2017-09-26 09:41:21.267000','https://stackoverflow.com/questions/35125110/django-nvd3-chart-tooltipcontent-is-not-a-function'),(759,'scroll up','','','2017-09-26 09:41:34.869100','2017-09-26 09:41:34.871890',4,'2017-09-26 09:41:35.036000','https://stackoverflow.com/questions/35125110/django-nvd3-chart-tooltipcontent-is-not-a-function'),(760,'scroll up','','','2017-09-26 09:41:37.148952','2017-09-26 09:41:37.151556',4,'2017-09-26 09:41:37.319000','https://stackoverflow.com/questions/35125110/django-nvd3-chart-tooltipcontent-is-not-a-function'),(761,'scroll down','','','2017-09-26 09:44:19.157787','2017-09-26 09:44:19.160512',4,'2017-09-26 09:44:19.120000','https://stackoverflow.com/questions/35125110/django-nvd3-chart-tooltipcontent-is-not-a-function'),(762,'scroll down','','','2017-09-26 09:44:22.381073','2017-09-26 09:44:22.384132',4,'2017-09-26 09:44:22.549000','https://stackoverflow.com/questions/35125110/django-nvd3-chart-tooltipcontent-is-not-a-function'),(763,'scroll down','','','2017-09-26 09:47:20.618631','2017-09-26 09:47:20.621387',4,'2017-09-26 09:47:20.494000','https://stackoverflow.com/questions/12416508/nvd3-piechart-js-how-to-edit-the-tooltip'),(764,'scroll down','','','2017-09-26 09:47:23.933893','2017-09-26 09:47:23.941772',4,'2017-09-26 09:47:24.118000','https://stackoverflow.com/questions/12416508/nvd3-piechart-js-how-to-edit-the-tooltip'),(765,'scroll down','','','2017-09-26 09:47:28.355872','2017-09-26 09:47:28.358429',4,'2017-09-26 09:47:28.513000','https://stackoverflow.com/questions/12416508/nvd3-piechart-js-how-to-edit-the-tooltip'),(766,'scroll down','','','2017-09-26 09:47:30.012590','2017-09-26 09:47:30.015198',4,'2017-09-26 09:47:30.181000','https://stackoverflow.com/questions/12416508/nvd3-piechart-js-how-to-edit-the-tooltip'),(767,'scroll down','','','2017-09-27 00:25:15.007490','2017-09-27 00:25:15.020757',4,'2017-09-27 00:25:15.154000','https://stackoverflow.com/questions/726756/print-two-dimensional-array-in-spiral-order'),(768,'scroll down','','','2017-09-27 00:25:16.424209','2017-09-27 00:25:16.430352',4,'2017-09-27 00:25:16.834000','https://stackoverflow.com/questions/726756/print-two-dimensional-array-in-spiral-order'),(769,'scroll down','','','2017-09-27 00:25:22.373642','2017-09-27 00:25:22.379934',4,'2017-09-27 00:25:22.779000','https://stackoverflow.com/questions/726756/print-two-dimensional-array-in-spiral-order'),(770,'scroll down','','','2017-09-27 00:25:32.828518','2017-09-27 00:25:32.831280',4,'2017-09-27 00:25:33.238000','https://stackoverflow.com/questions/726756/print-two-dimensional-array-in-spiral-order'),(771,'scroll down','','','2017-09-27 00:25:39.595039','2017-09-27 00:25:39.597722',4,'2017-09-27 00:25:40.014000','https://stackoverflow.com/questions/726756/print-two-dimensional-array-in-spiral-order'),(772,'scroll down','','','2017-09-27 00:26:04.676966','2017-09-27 00:26:04.680024',4,'2017-09-27 00:26:04.958000','https://stackoverflow.com/questions/36834505/creating-a-spiral-array-in-python'),(773,'scroll down','','','2017-09-27 00:26:46.681805','2017-09-27 00:26:46.684712',4,'2017-09-27 00:26:46.889000','https://stackoverflow.com/questions/36834505/creating-a-spiral-array-in-python'),(774,'scroll down','','','2017-09-27 00:26:53.326888','2017-09-27 00:26:53.329526',4,'2017-09-27 00:26:53.746000','https://stackoverflow.com/questions/36834505/creating-a-spiral-array-in-python'),(775,'scroll down','','','2017-09-27 00:26:54.829399','2017-09-27 00:26:54.832014',4,'2017-09-27 00:26:55.244000','https://stackoverflow.com/questions/36834505/creating-a-spiral-array-in-python'),(776,'scroll down','','','2017-09-27 00:37:59.805300','2017-09-27 00:37:59.808345',4,'2017-09-27 00:38:00.038000','https://stackoverflow.com/questions/726756/print-two-dimensional-array-in-spiral-order'),(777,'scroll down','','','2017-09-27 00:38:03.344336','2017-09-27 00:38:03.351060',4,'2017-09-27 00:38:03.768000','https://stackoverflow.com/questions/726756/print-two-dimensional-array-in-spiral-order'),(778,'scroll down','','','2017-09-27 06:21:41.325671','2017-09-27 06:21:41.328876',2,'2017-09-27 06:21:41.574000','https://stackoverflow.com/questions/629551/how-to-query-as-group-by-in-django'),(779,'scroll down','','','2017-09-27 06:21:44.086275','2017-09-27 06:21:44.088759',2,'2017-09-27 06:21:44.536000','https://stackoverflow.com/questions/629551/how-to-query-as-group-by-in-django'),(780,'scroll down','','','2017-09-27 06:21:48.354744','2017-09-27 06:21:48.357497',2,'2017-09-27 06:21:48.802000','https://stackoverflow.com/questions/629551/how-to-query-as-group-by-in-django'),(781,'scroll down','','','2017-09-27 06:22:05.123221','2017-09-27 06:22:05.125898',2,'2017-09-27 06:22:05.418000','https://stackoverflow.com/questions/629551/how-to-query-as-group-by-in-django'),(782,'scroll down','','','2017-09-27 06:22:06.878287','2017-09-27 06:22:06.882568',2,'2017-09-27 06:22:07.333000','https://stackoverflow.com/questions/629551/how-to-query-as-group-by-in-django'),(783,'scroll up','','','2017-09-27 06:22:20.160648','2017-09-27 06:22:20.163368',2,'2017-09-27 06:22:20.620000','https://stackoverflow.com/questions/629551/how-to-query-as-group-by-in-django'),(784,'scroll down','','','2017-09-27 06:22:32.292500','2017-09-27 06:22:32.295124',2,'2017-09-27 06:22:32.759000','https://stackoverflow.com/questions/629551/how-to-query-as-group-by-in-django'),(785,'scroll down','','','2017-09-27 06:51:26.277703','2017-09-27 06:51:26.280733',2,'2017-09-27 06:51:26.488000','https://stackoverflow.com/questions/2793324/is-there-a-simple-way-to-delete-a-list-element-by-value'),(786,'scroll down','','','2017-09-27 06:51:32.243641','2017-09-27 06:51:32.255243',2,'2017-09-27 06:51:32.705000','https://stackoverflow.com/questions/2793324/is-there-a-simple-way-to-delete-a-list-element-by-value'),(787,'hover','','up vote','2017-09-27 06:52:18.720674','2017-09-27 06:52:18.723419',2,'2017-09-27 06:52:19.042000','https://stackoverflow.com/questions/2793324/is-there-a-simple-way-to-delete-a-list-element-by-value'),(788,'click','https://stackoverflow.com/questions/218384/what-is-a-nullpointerexception-and-how-do-i-fix-it','What is a NullPointerException, and how do I fix it?','2017-09-27 07:27:59.623008','2017-09-27 07:27:59.629180',1,'2017-09-27 07:28:00.081000','https://stackoverflow.com/questions/tagged/java?sort=frequent&pageSize=15'),(789,'hover','https://stackoverflow.com/questions/tagged/nullpointerexception','nullpointerexception','2017-09-27 07:28:02.356184','2017-09-27 07:28:02.358888',1,'2017-09-27 07:28:02.836000','https://stackoverflow.com/questions/218384/what-is-a-nullpointerexception-and-how-do-i-fix-it'),(790,'hover','https://stackoverflow.com/questions/tagged/java','java','2017-09-27 07:28:04.054813','2017-09-27 07:28:04.057848',1,'2017-09-27 07:28:04.534000','https://stackoverflow.com/questions/218384/what-is-a-nullpointerexception-and-how-do-i-fix-it'),(791,'scroll down','','','2017-09-27 07:28:07.158409','2017-09-27 07:28:07.164331',1,'2017-09-27 07:28:07.632000','https://stackoverflow.com/questions/218384/what-is-a-nullpointerexception-and-how-do-i-fix-it'),(792,'hover','https://stackoverflow.com/questions/tagged/nullpointerexception','nullpointerexception','2017-09-27 07:28:09.761230','2017-09-27 07:28:09.763685',1,'2017-09-27 07:28:10.233000','https://stackoverflow.com/questions/tagged/java?sort=frequent&pageSize=15'),(793,'click','https://stackoverflow.com/questions/513832/how-do-i-compare-strings-in-java','How do I compare strings in Java?','2017-09-27 07:28:10.206159','2017-09-27 07:28:10.208751',1,'2017-09-27 07:28:10.678000','https://stackoverflow.com/questions/tagged/java?sort=frequent&pageSize=15'),(794,'hover','https://stackoverflow.com/questions/tagged/string','string','2017-09-27 07:28:12.124060','2017-09-27 07:28:12.126676',1,'2017-09-27 07:28:12.594000','https://stackoverflow.com/questions/513832/how-do-i-compare-strings-in-java'),(795,'hover','https://stackoverflow.com/questions/tagged/string','string','2017-09-27 07:28:12.527880','2017-09-27 07:28:12.532070',1,'2017-09-27 07:28:13.010000','https://stackoverflow.com/questions/513832/how-do-i-compare-strings-in-java'),(796,'hover','https://stackoverflow.com/questions/tagged/java','java','2017-09-27 07:28:14.525253','2017-09-27 07:28:14.527641',1,'2017-09-27 07:28:15.008000','https://stackoverflow.com/questions/513832/how-do-i-compare-strings-in-java'),(797,'hover','https://stackoverflow.com/questions/tagged/string','string','2017-09-27 07:28:16.081146','2017-09-27 07:28:16.086939',1,'2017-09-27 07:28:16.551000','https://stackoverflow.com/questions/513832/how-do-i-compare-strings-in-java'),(798,'hover','https://stackoverflow.com/questions/tagged/equality','equality','2017-09-27 07:28:16.241253','2017-09-27 07:28:16.250491',1,'2017-09-27 07:28:16.723000','https://stackoverflow.com/questions/513832/how-do-i-compare-strings-in-java'),(799,'click','https://stackoverflow.com/questions/218384/what-is-a-nullpointerexception-and-how-do-i-fix-it','What is a NullPointerException, and how do I fix it?','2017-09-27 07:28:19.610838','2017-09-27 07:28:19.613389',1,'2017-09-27 07:28:20.071000','https://stackoverflow.com/questions/tagged/java?sort=frequent&pageSize=15'),(800,'hover','https://stackoverflow.com/questions/tagged/nullpointerexception','nullpointerexception','2017-09-27 07:28:20.790749','2017-09-27 07:28:20.799841',1,'2017-09-27 07:28:21.269000','https://stackoverflow.com/questions/218384/what-is-a-nullpointerexception-and-how-do-i-fix-it'),(801,'hover','https://stackoverflow.com/questions/tagged/java','java','2017-09-27 07:28:22.137622','2017-09-27 07:28:22.140304',1,'2017-09-27 07:28:22.618000','https://stackoverflow.com/questions/218384/what-is-a-nullpointerexception-and-how-do-i-fix-it'),(802,'hover','','up vote','2017-09-27 07:28:23.591651','2017-09-27 07:28:23.594029',1,'2017-09-27 07:28:24.070000','https://stackoverflow.com/questions/218384/what-is-a-nullpointerexception-and-how-do-i-fix-it'),(803,'click','https://stackoverflow.com/questions/218384/what-is-a-nullpointerexception-and-how-do-i-fix-it','What is a NullPointerException, and how do I fix it?','2017-09-27 07:28:42.090755','2017-09-27 07:28:42.093830',2,'2017-09-27 07:28:42.543000','https://stackoverflow.com/questions/tagged/java?sort=frequent&pageSize=15'),(804,'hover','https://stackoverflow.com/questions/tagged/nullpointerexception','nullpointerexception','2017-09-27 07:28:43.614411','2017-09-27 07:28:43.617130',2,'2017-09-27 07:28:44.091000','https://stackoverflow.com/questions/218384/what-is-a-nullpointerexception-and-how-do-i-fix-it'),(805,'hover','https://stackoverflow.com/questions/tagged/java','java','2017-09-27 07:28:45.268212','2017-09-27 07:28:45.270929',2,'2017-09-27 07:28:45.747000','https://stackoverflow.com/questions/218384/what-is-a-nullpointerexception-and-how-do-i-fix-it'),(806,'hover','https://stackoverflow.com#','favorite','2017-09-27 07:28:46.847400','2017-09-27 07:28:46.849794',2,'2017-09-27 07:28:47.327000','https://stackoverflow.com/questions/218384/what-is-a-nullpointerexception-and-how-do-i-fix-it'),(807,'click','https://stackoverflow.com#','favorite','2017-09-27 07:28:47.077917','2017-09-27 07:28:47.080505',2,'2017-09-27 07:28:47.558000','https://stackoverflow.com/questions/218384/what-is-a-nullpointerexception-and-how-do-i-fix-it'),(808,'scroll down','','','2017-09-27 07:28:49.252195','2017-09-27 07:28:49.256114',2,'2017-09-27 07:28:49.728000','https://stackoverflow.com/questions/218384/what-is-a-nullpointerexception-and-how-do-i-fix-it'),(809,'hover','','up vote','2017-09-27 07:28:50.450546','2017-09-27 07:28:50.453135',2,'2017-09-27 07:28:50.925000','https://stackoverflow.com/questions/218384/what-is-a-nullpointerexception-and-how-do-i-fix-it'),(810,'click','','up vote','2017-09-27 07:28:51.432148','2017-09-27 07:28:51.434780',2,'2017-09-27 07:28:51.914000','https://stackoverflow.com/questions/218384/what-is-a-nullpointerexception-and-how-do-i-fix-it'),(811,'scroll down','','','2017-09-27 07:28:54.708746','2017-09-27 07:28:54.711409',2,'2017-09-27 07:28:55.172000','https://stackoverflow.com/questions/218384/what-is-a-nullpointerexception-and-how-do-i-fix-it'),(812,'scroll up','','','2017-09-27 07:28:57.951998','2017-09-27 07:28:57.954502',2,'2017-09-27 07:28:58.434000','https://stackoverflow.com/questions/218384/what-is-a-nullpointerexception-and-how-do-i-fix-it'),(813,'hover','https://stackoverflow.com/questions/tagged/java','java','2017-09-27 07:29:00.237235','2017-09-27 07:29:00.239674',2,'2017-09-27 07:29:00.694000','https://stackoverflow.com/questions/tagged/java?sort=frequent&pageSize=15'),(814,'click','https://stackoverflow.com/questions/513832/how-do-i-compare-strings-in-java','How do I compare strings in Java?','2017-09-27 07:29:01.061576','2017-09-27 07:29:01.064220',2,'2017-09-27 07:29:01.513000','https://stackoverflow.com/questions/tagged/java?sort=frequent&pageSize=15'),(815,'hover','https://stackoverflow.com#','favorite','2017-09-27 07:29:02.565453','2017-09-27 07:29:02.567835',2,'2017-09-27 07:29:03.037000','https://stackoverflow.com/questions/513832/how-do-i-compare-strings-in-java'),(816,'click','https://stackoverflow.com#','favorite','2017-09-27 07:29:02.939143','2017-09-27 07:29:02.941653',2,'2017-09-27 07:29:03.416000','https://stackoverflow.com/questions/513832/how-do-i-compare-strings-in-java'),(817,'click','https://stackoverflow.com#','favorite','2017-09-27 07:29:03.569249','2017-09-27 07:29:03.571942',2,'2017-09-27 07:29:04.023000','https://stackoverflow.com/questions/513832/how-do-i-compare-strings-in-java'),(818,'hover','','up vote','2017-09-27 07:29:04.151857','2017-09-27 07:29:04.154613',2,'2017-09-27 07:29:04.628000','https://stackoverflow.com/questions/513832/how-do-i-compare-strings-in-java'),(819,'click','https://stackoverflow.com/questions/218384/what-is-a-nullpointerexception-and-how-do-i-fix-it','What is a NullPointerException, and how do I fix it?','2017-09-27 07:29:33.250788','2017-09-27 07:29:33.253500',3,'2017-09-27 07:29:33.689000','https://stackoverflow.com/questions/tagged/java?sort=frequent&pageSize=15'),(820,'scroll down','','','2017-09-27 07:29:35.751590','2017-09-27 07:29:35.754347',3,'2017-09-27 07:29:36.230000','https://stackoverflow.com/questions/218384/what-is-a-nullpointerexception-and-how-do-i-fix-it'),(821,'hover','','up vote','2017-09-27 07:29:35.878060','2017-09-27 07:29:35.880724',3,'2017-09-27 07:29:36.359000','https://stackoverflow.com/questions/218384/what-is-a-nullpointerexception-and-how-do-i-fix-it'),(822,'click','','up vote','2017-09-27 07:29:36.122453','2017-09-27 07:29:36.125129',3,'2017-09-27 07:29:36.598000','https://stackoverflow.com/questions/218384/what-is-a-nullpointerexception-and-how-do-i-fix-it'),(823,'hover','','up vote','2017-09-27 07:29:36.599360','2017-09-27 07:29:36.602018',3,'2017-09-27 07:29:37.081000','https://stackoverflow.com/questions/218384/what-is-a-nullpointerexception-and-how-do-i-fix-it'),(824,'scroll up','','','2017-09-27 07:29:38.454122','2017-09-27 07:29:38.456575',3,'2017-09-27 07:29:38.914000','https://stackoverflow.com/questions/218384/what-is-a-nullpointerexception-and-how-do-i-fix-it'),(825,'hover','https://stackoverflow.com/questions/tagged/java','java','2017-09-27 07:29:38.760120','2017-09-27 07:29:38.763128',3,'2017-09-27 07:29:39.234000','https://stackoverflow.com/questions/218384/what-is-a-nullpointerexception-and-how-do-i-fix-it'),(826,'hover','https://stackoverflow.com#','favorite','2017-09-27 07:29:40.621323','2017-09-27 07:29:40.623931',3,'2017-09-27 07:29:41.096000','https://stackoverflow.com/questions/218384/what-is-a-nullpointerexception-and-how-do-i-fix-it'),(827,'click','https://stackoverflow.com#','favorite','2017-09-27 07:29:40.893836','2017-09-27 07:29:40.896670',3,'2017-09-27 07:29:41.360000','https://stackoverflow.com/questions/218384/what-is-a-nullpointerexception-and-how-do-i-fix-it'),(828,'click','https://stackoverflow.com#','favorite','2017-09-27 07:29:41.895087','2017-09-27 07:29:41.897773',3,'2017-09-27 07:29:42.353000','https://stackoverflow.com/questions/218384/what-is-a-nullpointerexception-and-how-do-i-fix-it'),(829,'hover','https://stackoverflow.com/questions/tagged/nullpointerexception','nullpointerexception','2017-09-27 07:30:08.306932','2017-09-27 07:30:08.309851',4,'2017-09-27 07:30:08.787000','https://stackoverflow.com/questions/tagged/java?sort=frequent&pageSize=15'),(830,'hover','https://stackoverflow.com/questions/tagged/nullpointerexception','nullpointerexception','2017-09-27 07:30:08.888704','2017-09-27 07:30:08.891299',4,'2017-09-27 07:30:09.368000','https://stackoverflow.com/questions/tagged/java?sort=frequent&pageSize=15'),(831,'hover','https://stackoverflow.com/questions/tagged/java','java','2017-09-27 07:30:10.358879','2017-09-27 07:30:10.361485',4,'2017-09-27 07:30:10.834000','https://stackoverflow.com/questions/tagged/java?sort=frequent&pageSize=15'),(832,'click','https://stackoverflow.com/questions/218384/what-is-a-nullpointerexception-and-how-do-i-fix-it','What is a NullPointerException, and how do I fix it?','2017-09-27 07:30:12.837760','2017-09-27 07:30:12.840312',4,'2017-09-27 07:30:13.303000','https://stackoverflow.com/questions/tagged/java?sort=frequent&pageSize=15'),(833,'hover','https://stackoverflow.com/questions/tagged/nullpointerexception','nullpointerexception','2017-09-27 07:30:14.177007','2017-09-27 07:30:14.179504',4,'2017-09-27 07:30:14.652000','https://stackoverflow.com/questions/218384/what-is-a-nullpointerexception-and-how-do-i-fix-it'),(834,'hover','https://stackoverflow.com#','favorite','2017-09-27 07:30:16.643935','2017-09-27 07:30:16.646524',4,'2017-09-27 07:30:17.126000','https://stackoverflow.com/questions/218384/what-is-a-nullpointerexception-and-how-do-i-fix-it'),(835,'click','https://stackoverflow.com#','favorite','2017-09-27 07:30:16.884729','2017-09-27 07:30:16.896715',4,'2017-09-27 07:30:17.360000','https://stackoverflow.com/questions/218384/what-is-a-nullpointerexception-and-how-do-i-fix-it'),(836,'click','https://stackoverflow.com#','favorite','2017-09-27 07:30:17.208304','2017-09-27 07:30:17.222970',4,'2017-09-27 07:30:17.685000','https://stackoverflow.com/questions/218384/what-is-a-nullpointerexception-and-how-do-i-fix-it'),(837,'hover','https://stackoverflow.com/questions/tagged/methods','methods','2017-09-27 07:30:20.080714','2017-09-27 07:30:20.084442',4,'2017-09-27 07:30:20.543000','https://stackoverflow.com/questions/tagged/java?sort=frequent&pageSize=15'),(838,'scroll down','','','2017-09-27 07:30:20.265096','2017-09-27 07:30:20.267794',4,'2017-09-27 07:30:20.742000','https://stackoverflow.com/questions/tagged/java?sort=frequent&pageSize=15'),(839,'hover','https://stackoverflow.com/questions/tagged/java','java','2017-09-27 07:30:21.370717','2017-09-27 07:30:21.373307',4,'2017-09-27 07:30:21.842000','https://stackoverflow.com/questions/tagged/java?sort=frequent&pageSize=15'),(840,'hover','https://stackoverflow.com/questions/tagged/pass-by-reference','pass-by-reference','2017-09-27 07:30:23.330784','2017-09-27 07:30:23.333567',4,'2017-09-27 07:30:23.804000','https://stackoverflow.com/questions/tagged/java?sort=frequent&pageSize=15'),(841,'hover','https://stackoverflow.com/questions/tagged/pass-by-value','pass-by-value','2017-09-27 07:30:24.672848','2017-09-27 07:30:24.675377',4,'2017-09-27 07:30:25.153000','https://stackoverflow.com/questions/tagged/java?sort=frequent&pageSize=15'),(842,'hover','https://stackoverflow.com/questions/tagged/swing','swing','2017-09-27 07:30:26.970503','2017-09-27 07:30:26.973138',4,'2017-09-27 07:30:27.452000','https://stackoverflow.com/questions/tagged/java?sort=frequent&pageSize=15'),(843,'hover','https://stackoverflow.com/questions/tagged/java','java','2017-09-27 07:30:28.812400','2017-09-27 07:30:28.815077',4,'2017-09-27 07:30:29.287000','https://stackoverflow.com/questions/tagged/java?sort=frequent&pageSize=15'),(844,'hover','https://stackoverflow.com/questions/tagged/swing','swing','2017-09-27 07:30:30.167205','2017-09-27 07:30:30.169682',4,'2017-09-27 07:30:30.639000','https://stackoverflow.com/questions/tagged/java?sort=frequent&pageSize=15'),(845,'hover','https://stackoverflow.com/questions/tagged/user-interface','user-interface','2017-09-27 07:30:30.367234','2017-09-27 07:30:30.369740',4,'2017-09-27 07:30:30.847000','https://stackoverflow.com/questions/tagged/java?sort=frequent&pageSize=15'),(846,'hover','https://stackoverflow.com/questions/tagged/jframe','jframe','2017-09-27 07:30:31.750985','2017-09-27 07:30:31.753576',4,'2017-09-27 07:30:32.229000','https://stackoverflow.com/questions/tagged/java?sort=frequent&pageSize=15'),(847,'hover','https://stackoverflow.com/questions/tagged/android','<img src=\"//i.stack.imgur.com/tKsDb.png\" height=\"16\" width=\"18\" alt=\"\" class=\"sponsor-tag-img\">android','2017-09-27 07:30:33.617929','2017-09-27 07:30:33.622013',4,'2017-09-27 07:30:34.096000','https://stackoverflow.com/questions/tagged/java?sort=frequent&pageSize=15'),(848,'scroll down','','','2017-09-27 07:30:34.256191','2017-09-27 07:30:34.258864',4,'2017-09-27 07:30:34.728000','https://stackoverflow.com/questions/tagged/java?sort=frequent&pageSize=15'),(849,'hover','https://stackoverflow.com/questions/tagged/java','java','2017-09-27 07:30:35.418857','2017-09-27 07:30:35.421603',4,'2017-09-27 07:30:35.894000','https://stackoverflow.com/questions/tagged/java?sort=frequent&pageSize=15'),(850,'hover','https://stackoverflow.com/questions/tagged/io','io','2017-09-27 07:30:35.701628','2017-09-27 07:30:35.704184',4,'2017-09-27 07:30:36.178000','https://stackoverflow.com/questions/tagged/java?sort=frequent&pageSize=15'),(851,'hover','https://stackoverflow.com/questions/tagged/java.util.scanner','java.util.scanner','2017-09-27 07:30:36.197823','2017-09-27 07:30:36.200563',4,'2017-09-27 07:30:36.664000','https://stackoverflow.com/questions/tagged/java?sort=frequent&pageSize=15'),(852,'hover','https://stackoverflow.com/questions/tagged/io','io','2017-09-27 07:30:37.793779','2017-09-27 07:30:37.796374',4,'2017-09-27 07:30:38.274000','https://stackoverflow.com/questions/tagged/java?sort=frequent&pageSize=15'),(853,'hover','https://stackoverflow.com/questions/tagged/android','<img src=\"//i.stack.imgur.com/tKsDb.png\" height=\"16\" width=\"18\" alt=\"\" class=\"sponsor-tag-img\">android','2017-09-27 07:30:39.064294','2017-09-27 07:30:39.066889',4,'2017-09-27 07:30:39.529000','https://stackoverflow.com/questions/tagged/java?sort=frequent&pageSize=15'),(854,'hover','https://stackoverflow.com/questions/tagged/nullpointerexception','nullpointerexception','2017-09-27 07:31:06.241728','2017-09-27 07:31:06.244569',3,'2017-09-27 07:31:06.718000','https://stackoverflow.com/questions/tagged/java?sort=frequent&pageSize=15'),(855,'hover','https://stackoverflow.com/questions/tagged/string','string','2017-09-27 07:31:06.896685','2017-09-27 07:31:06.899205',3,'2017-09-27 07:31:07.365000','https://stackoverflow.com/questions/tagged/java?sort=frequent&pageSize=15'),(856,'hover','https://stackoverflow.com/questions/tagged/equality','equality','2017-09-27 07:31:08.399684','2017-09-27 07:31:08.402499',3,'2017-09-27 07:31:08.880000','https://stackoverflow.com/questions/tagged/java?sort=frequent&pageSize=15'),(857,'hover','https://stackoverflow.com/questions/tagged/string','string','2017-09-27 07:31:09.864608','2017-09-27 07:31:09.867171',3,'2017-09-27 07:31:10.335000','https://stackoverflow.com/questions/tagged/java?sort=frequent&pageSize=15'),(858,'hover','https://stackoverflow.com/questions/tagged/java','java','2017-09-27 07:31:10.347231','2017-09-27 07:31:10.349868',3,'2017-09-27 07:31:10.826000','https://stackoverflow.com/questions/tagged/java?sort=frequent&pageSize=15'),(859,'hover','https://stackoverflow.com/questions/tagged/parameter-passing','parameter-passing','2017-09-27 07:31:12.826429','2017-09-27 07:31:12.829212',3,'2017-09-27 07:31:13.307000','https://stackoverflow.com/questions/tagged/java?sort=frequent&pageSize=15'),(860,'scroll down','','','2017-09-27 07:31:13.082602','2017-09-27 07:31:13.085617',3,'2017-09-27 07:31:13.560000','https://stackoverflow.com/questions/tagged/java?sort=frequent&pageSize=15'),(861,'hover','https://stackoverflow.com/questions/tagged/pass-by-reference','pass-by-reference','2017-09-27 07:31:14.602754','2017-09-27 07:31:14.607504',3,'2017-09-27 07:31:15.073000','https://stackoverflow.com/questions/tagged/java?sort=frequent&pageSize=15'),(862,'hover','https://stackoverflow.com/questions/tagged/pass-by-value','pass-by-value','2017-09-27 07:31:16.009086','2017-09-27 07:31:16.011643',3,'2017-09-27 07:31:16.481000','https://stackoverflow.com/questions/tagged/java?sort=frequent&pageSize=15'),(863,'hover','https://stackoverflow.com/questions/tagged/user-interface','user-interface','2017-09-27 07:31:17.741861','2017-09-27 07:31:17.744567',3,'2017-09-27 07:31:18.221000','https://stackoverflow.com/questions/tagged/java?sort=frequent&pageSize=15'),(864,'hover','https://stackoverflow.com/questions/tagged/swing','swing','2017-09-27 07:31:19.859189','2017-09-27 07:31:19.861833',3,'2017-09-27 07:31:20.300000','https://stackoverflow.com/questions/tagged/java?sort=frequent&pageSize=15'),(865,'hover','https://stackoverflow.com/questions/tagged/java','java','2017-09-27 07:31:21.154415','2017-09-27 07:31:21.156957',3,'2017-09-27 07:31:21.619000','https://stackoverflow.com/questions/tagged/java?sort=frequent&pageSize=15'),(866,'scroll down','','','2017-09-27 07:31:23.626296','2017-09-27 07:31:23.631078',3,'2017-09-27 07:31:24.098000','https://stackoverflow.com/questions/tagged/java?sort=frequent&pageSize=15'),(867,'hover','https://stackoverflow.com/questions/tagged/io','io','2017-09-27 07:31:24.063284','2017-09-27 07:31:24.066282',3,'2017-09-27 07:31:24.537000','https://stackoverflow.com/questions/tagged/java?sort=frequent&pageSize=15'),(868,'hover','https://stackoverflow.com/questions/tagged/java.util.scanner','java.util.scanner','2017-09-27 07:31:25.236557','2017-09-27 07:31:25.239173',3,'2017-09-27 07:31:25.702000','https://stackoverflow.com/questions/tagged/java?sort=frequent&pageSize=15'),(869,'hover','https://stackoverflow.com/questions/tagged/io','io','2017-09-27 07:31:26.795237','2017-09-27 07:31:26.799835',3,'2017-09-27 07:31:27.277000','https://stackoverflow.com/questions/tagged/java?sort=frequent&pageSize=15'),(870,'hover','https://stackoverflow.com/questions/tagged/java','java','2017-09-27 07:31:26.979262','2017-09-27 07:31:26.982036',3,'2017-09-27 07:31:27.461000','https://stackoverflow.com/questions/tagged/java?sort=frequent&pageSize=15'),(871,'hover','https://stackoverflow.com/questions/tagged/scriptlet','scriptlet','2017-09-27 07:31:29.410729','2017-09-27 07:31:29.413370',3,'2017-09-27 07:31:29.892000','https://stackoverflow.com/questions/tagged/java?sort=frequent&pageSize=15'),(872,'scroll up','','','2017-09-27 07:31:31.027372','2017-09-27 07:31:31.029974',3,'2017-09-27 07:31:31.492000','https://stackoverflow.com/questions/tagged/java?sort=frequent&pageSize=15'),(873,'hover','https://stackoverflow.com/questions/tagged/equality','equality','2017-09-27 07:31:45.501586','2017-09-27 07:31:45.507554',2,'2017-09-27 07:31:45.964000','https://stackoverflow.com/questions/tagged/java?sort=frequent&pageSize=15'),(874,'hover','https://stackoverflow.com/questions/tagged/string','string','2017-09-27 07:31:46.704726','2017-09-27 07:31:46.707570',2,'2017-09-27 07:31:47.178000','https://stackoverflow.com/questions/tagged/java?sort=frequent&pageSize=15'),(875,'hover','https://stackoverflow.com/questions/tagged/java','java','2017-09-27 07:31:48.024296','2017-09-27 07:31:48.026955',2,'2017-09-27 07:31:48.493000','https://stackoverflow.com/questions/tagged/java?sort=frequent&pageSize=15'),(876,'hover','https://stackoverflow.com/questions/tagged/java','java','2017-09-27 07:31:50.232753','2017-09-27 07:31:50.235706',2,'2017-09-27 07:31:50.708000','https://stackoverflow.com/questions/tagged/java?sort=frequent&pageSize=15'),(877,'scroll down','','','2017-09-27 07:31:50.501122','2017-09-27 07:31:50.503706',2,'2017-09-27 07:31:50.973000','https://stackoverflow.com/questions/tagged/java?sort=frequent&pageSize=15'),(878,'hover','https://stackoverflow.com/questions/tagged/methods','methods','2017-09-27 07:31:51.311814','2017-09-27 07:31:51.314377',2,'2017-09-27 07:31:51.790000','https://stackoverflow.com/questions/tagged/java?sort=frequent&pageSize=15'),(879,'hover','https://stackoverflow.com/questions/tagged/parameter-passing','parameter-passing','2017-09-27 07:31:52.390253','2017-09-27 07:31:52.392881',2,'2017-09-27 07:31:52.871000','https://stackoverflow.com/questions/tagged/java?sort=frequent&pageSize=15'),(880,'hover','https://stackoverflow.com/questions/tagged/pass-by-reference','pass-by-reference','2017-09-27 07:31:53.833430','2017-09-27 07:31:53.835959',2,'2017-09-27 07:31:54.305000','https://stackoverflow.com/questions/tagged/java?sort=frequent&pageSize=15'),(881,'hover','https://stackoverflow.com/questions/tagged/pass-by-value','pass-by-value','2017-09-27 07:31:55.460999','2017-09-27 07:31:55.463485',2,'2017-09-27 07:31:55.937000','https://stackoverflow.com/questions/tagged/java?sort=frequent&pageSize=15'),(882,'hover','https://stackoverflow.com/questions/tagged/swing','swing','2017-09-27 07:31:56.670976','2017-09-27 07:31:56.673651',2,'2017-09-27 07:31:57.152000','https://stackoverflow.com/questions/tagged/java?sort=frequent&pageSize=15'),(883,'hover','https://stackoverflow.com/questions/tagged/java','java','2017-09-27 07:31:57.924945','2017-09-27 07:31:57.927641',2,'2017-09-27 07:31:58.401000','https://stackoverflow.com/questions/tagged/java?sort=frequent&pageSize=15'),(884,'hover','https://stackoverflow.com/questions/tagged/swing','swing','2017-09-27 07:31:59.052066','2017-09-27 07:31:59.054800',2,'2017-09-27 07:31:59.532000','https://stackoverflow.com/questions/tagged/java?sort=frequent&pageSize=15'),(885,'hover','https://stackoverflow.com/questions/tagged/user-interface','user-interface','2017-09-27 07:31:59.118606','2017-09-27 07:31:59.124549',2,'2017-09-27 07:31:59.598000','https://stackoverflow.com/questions/tagged/java?sort=frequent&pageSize=15'),(886,'hover','https://stackoverflow.com/questions/tagged/jframe','jframe','2017-09-27 07:32:00.454191','2017-09-27 07:32:00.456750',2,'2017-09-27 07:32:00.930000','https://stackoverflow.com/questions/tagged/java?sort=frequent&pageSize=15'),(887,'hover','https://stackoverflow.com/questions/tagged/io','io','2017-09-27 07:32:02.813174','2017-09-27 07:32:02.815852',2,'2017-09-27 07:32:03.283000','https://stackoverflow.com/questions/tagged/java?sort=frequent&pageSize=15'),(888,'scroll down','','','2017-09-27 07:32:02.897212','2017-09-27 07:32:02.899671',2,'2017-09-27 07:32:03.377000','https://stackoverflow.com/questions/tagged/java?sort=frequent&pageSize=15'),(889,'hover','https://stackoverflow.com/questions/tagged/java.util.scanner','java.util.scanner','2017-09-27 07:32:03.907683','2017-09-27 07:32:03.910386',2,'2017-09-27 07:32:04.382000','https://stackoverflow.com/questions/tagged/java?sort=frequent&pageSize=15'),(890,'hover','https://stackoverflow.com/questions/tagged/java.util.scanner','java.util.scanner','2017-09-27 07:32:05.404090','2017-09-27 07:32:05.406663',2,'2017-09-27 07:32:05.877000','https://stackoverflow.com/questions/tagged/java?sort=frequent&pageSize=15'),(891,'hover','https://stackoverflow.com/questions/tagged/android','<img src=\"//i.stack.imgur.com/tKsDb.png\" height=\"16\" width=\"18\" alt=\"\" class=\"sponsor-tag-img\">android','2017-09-27 07:32:05.998926','2017-09-27 07:32:06.001419',2,'2017-09-27 07:32:06.476000','https://stackoverflow.com/questions/tagged/java?sort=frequent&pageSize=15'),(892,'hover','https://stackoverflow.com/questions/tagged/java','java','2017-09-27 07:32:07.641806','2017-09-27 07:32:07.644517',2,'2017-09-27 07:32:08.123000','https://stackoverflow.com/questions/tagged/java?sort=frequent&pageSize=15'),(893,'hover','https://stackoverflow.com/questions/tagged/java','java','2017-09-27 07:32:07.790460','2017-09-27 07:32:07.793030',2,'2017-09-27 07:32:08.273000','https://stackoverflow.com/questions/tagged/java?sort=frequent&pageSize=15'),(894,'hover','https://stackoverflow.com/questions/tagged/jsp','jsp','2017-09-27 07:32:08.116178','2017-09-27 07:32:08.118903',2,'2017-09-27 07:32:08.591000','https://stackoverflow.com/questions/tagged/java?sort=frequent&pageSize=15'),(895,'hover','https://stackoverflow.com/questions/tagged/jsp','jsp','2017-09-27 07:32:08.602691','2017-09-27 07:32:08.605175',2,'2017-09-27 07:32:09.074000','https://stackoverflow.com/questions/tagged/java?sort=frequent&pageSize=15'),(896,'hover','https://stackoverflow.com/questions/tagged/scriptlet','scriptlet','2017-09-27 07:32:09.667642','2017-09-27 07:32:09.670219',2,'2017-09-27 07:32:10.140000','https://stackoverflow.com/questions/tagged/java?sort=frequent&pageSize=15'),(897,'scroll up','','','2017-09-27 07:32:12.721155','2017-09-27 07:32:12.723632',2,'2017-09-27 07:32:13.202000','https://stackoverflow.com/questions/tagged/java?sort=frequent&pageSize=15');
/*!40000 ALTER TABLE `surajsite_userlogs` ENABLE KEYS */;
UNLOCK TABLES;
/*!40103 SET TIME_ZONE=@OLD_TIME_ZONE */;

/*!40101 SET SQL_MODE=@OLD_SQL_MODE */;
/*!40014 SET FOREIGN_KEY_CHECKS=@OLD_FOREIGN_KEY_CHECKS */;
/*!40014 SET UNIQUE_CHECKS=@OLD_UNIQUE_CHECKS */;
/*!40101 SET CHARACTER_SET_CLIENT=@OLD_CHARACTER_SET_CLIENT */;
/*!40101 SET CHARACTER_SET_RESULTS=@OLD_CHARACTER_SET_RESULTS */;
/*!40101 SET COLLATION_CONNECTION=@OLD_COLLATION_CONNECTION */;
/*!40111 SET SQL_NOTES=@OLD_SQL_NOTES */;

-- Dump completed on 2017-09-27  8:17:26
