-- MySQL dump 10.13  Distrib 5.7.19, for Linux (x86_64)
--
-- Host: localhost    Database: surajsite
-- ------------------------------------------------------
-- Server version	5.7.19-0ubuntu0.16.04.1

/*!40101 SET @OLD_CHARACTER_SET_CLIENT=@@CHARACTER_SET_CLIENT */;
/*!40101 SET @OLD_CHARACTER_SET_RESULTS=@@CHARACTER_SET_RESULTS */;
/*!40101 SET @OLD_COLLATION_CONNECTION=@@COLLATION_CONNECTION */;
/*!40101 SET NAMES utf8 */;
/*!40103 SET @OLD_TIME_ZONE=@@TIME_ZONE */;
/*!40103 SET TIME_ZONE='+00:00' */;
/*!40014 SET @OLD_UNIQUE_CHECKS=@@UNIQUE_CHECKS, UNIQUE_CHECKS=0 */;
/*!40014 SET @OLD_FOREIGN_KEY_CHECKS=@@FOREIGN_KEY_CHECKS, FOREIGN_KEY_CHECKS=0 */;
/*!40101 SET @OLD_SQL_MODE=@@SQL_MODE, SQL_MODE='NO_AUTO_VALUE_ON_ZERO' */;
/*!40111 SET @OLD_SQL_NOTES=@@SQL_NOTES, SQL_NOTES=0 */;

--
-- Table structure for table `auth_group`
--

DROP TABLE IF EXISTS `auth_group`;
/*!40101 SET @saved_cs_client     = @@character_set_client */;
/*!40101 SET character_set_client = utf8 */;
CREATE TABLE `auth_group` (
  `id` int(11) NOT NULL AUTO_INCREMENT,
  `name` varchar(80) NOT NULL,
  PRIMARY KEY (`id`),
  UNIQUE KEY `name` (`name`)
) ENGINE=InnoDB DEFAULT CHARSET=latin1;
/*!40101 SET character_set_client = @saved_cs_client */;

--
-- Dumping data for table `auth_group`
--

LOCK TABLES `auth_group` WRITE;
/*!40000 ALTER TABLE `auth_group` DISABLE KEYS */;
/*!40000 ALTER TABLE `auth_group` ENABLE KEYS */;
UNLOCK TABLES;

--
-- Table structure for table `auth_group_permissions`
--

DROP TABLE IF EXISTS `auth_group_permissions`;
/*!40101 SET @saved_cs_client     = @@character_set_client */;
/*!40101 SET character_set_client = utf8 */;
CREATE TABLE `auth_group_permissions` (
  `id` int(11) NOT NULL AUTO_INCREMENT,
  `group_id` int(11) NOT NULL,
  `permission_id` int(11) NOT NULL,
  PRIMARY KEY (`id`),
  UNIQUE KEY `group_id` (`group_id`,`permission_id`),
  KEY `auth_group__permission_id_1f49ccbbdc69d2fc_fk_auth_permission_id` (`permission_id`),
  CONSTRAINT `auth_group__permission_id_1f49ccbbdc69d2fc_fk_auth_permission_id` FOREIGN KEY (`permission_id`) REFERENCES `auth_permission` (`id`),
  CONSTRAINT `auth_group_permission_group_id_689710a9a73b7457_fk_auth_group_id` FOREIGN KEY (`group_id`) REFERENCES `auth_group` (`id`)
) ENGINE=InnoDB DEFAULT CHARSET=latin1;
/*!40101 SET character_set_client = @saved_cs_client */;

--
-- Dumping data for table `auth_group_permissions`
--

LOCK TABLES `auth_group_permissions` WRITE;
/*!40000 ALTER TABLE `auth_group_permissions` DISABLE KEYS */;
/*!40000 ALTER TABLE `auth_group_permissions` ENABLE KEYS */;
UNLOCK TABLES;

--
-- Table structure for table `auth_permission`
--

DROP TABLE IF EXISTS `auth_permission`;
/*!40101 SET @saved_cs_client     = @@character_set_client */;
/*!40101 SET character_set_client = utf8 */;
CREATE TABLE `auth_permission` (
  `id` int(11) NOT NULL AUTO_INCREMENT,
  `name` varchar(255) NOT NULL,
  `content_type_id` int(11) NOT NULL,
  `codename` varchar(100) NOT NULL,
  PRIMARY KEY (`id`),
  UNIQUE KEY `content_type_id` (`content_type_id`,`codename`),
  CONSTRAINT `auth__content_type_id_508cf46651277a81_fk_django_content_type_id` FOREIGN KEY (`content_type_id`) REFERENCES `django_content_type` (`id`)
) ENGINE=InnoDB AUTO_INCREMENT=28 DEFAULT CHARSET=latin1;
/*!40101 SET character_set_client = @saved_cs_client */;

--
-- Dumping data for table `auth_permission`
--

LOCK TABLES `auth_permission` WRITE;
/*!40000 ALTER TABLE `auth_permission` DISABLE KEYS */;
INSERT INTO `auth_permission` VALUES (1,'Can add log entry',1,'add_logentry'),(2,'Can change log entry',1,'change_logentry'),(3,'Can delete log entry',1,'delete_logentry'),(4,'Can add permission',2,'add_permission'),(5,'Can change permission',2,'change_permission'),(6,'Can delete permission',2,'delete_permission'),(7,'Can add group',3,'add_group'),(8,'Can change group',3,'change_group'),(9,'Can delete group',3,'delete_group'),(10,'Can add user',4,'add_user'),(11,'Can change user',4,'change_user'),(12,'Can delete user',4,'delete_user'),(13,'Can add content type',5,'add_contenttype'),(14,'Can change content type',5,'change_contenttype'),(15,'Can delete content type',5,'delete_contenttype'),(16,'Can add session',6,'add_session'),(17,'Can change session',6,'change_session'),(18,'Can delete session',6,'delete_session'),(19,'Can add user',7,'add_siteuser'),(20,'Can change user',7,'change_siteuser'),(21,'Can delete user',7,'delete_siteuser'),(22,'Can add user logs',8,'add_userlogs'),(23,'Can change user logs',8,'change_userlogs'),(24,'Can delete user logs',8,'delete_userlogs'),(25,'Can add login logs',9,'add_loginlogs'),(26,'Can change login logs',9,'change_loginlogs'),(27,'Can delete login logs',9,'delete_loginlogs');
/*!40000 ALTER TABLE `auth_permission` ENABLE KEYS */;
UNLOCK TABLES;

--
-- Table structure for table `auth_user`
--

DROP TABLE IF EXISTS `auth_user`;
/*!40101 SET @saved_cs_client     = @@character_set_client */;
/*!40101 SET character_set_client = utf8 */;
CREATE TABLE `auth_user` (
  `id` int(11) NOT NULL AUTO_INCREMENT,
  `password` varchar(128) NOT NULL,
  `last_login` datetime(6) DEFAULT NULL,
  `is_superuser` tinyint(1) NOT NULL,
  `username` varchar(30) NOT NULL,
  `first_name` varchar(30) NOT NULL,
  `last_name` varchar(30) NOT NULL,
  `email` varchar(254) NOT NULL,
  `is_staff` tinyint(1) NOT NULL,
  `is_active` tinyint(1) NOT NULL,
  `date_joined` datetime(6) NOT NULL,
  PRIMARY KEY (`id`),
  UNIQUE KEY `username` (`username`)
) ENGINE=InnoDB AUTO_INCREMENT=8 DEFAULT CHARSET=latin1;
/*!40101 SET character_set_client = @saved_cs_client */;

--
-- Dumping data for table `auth_user`
--

LOCK TABLES `auth_user` WRITE;
/*!40000 ALTER TABLE `auth_user` DISABLE KEYS */;
INSERT INTO `auth_user` VALUES (1,'pbkdf2_sha256$20000$8D3eGHrWqx3A$5rGZ0RA1yZkT6HeuhY3iasiaYV8Pissc/cWaudRF0CM=','2017-09-07 08:02:26.832031',0,'aaa','','','aaa@xyz.com',0,1,'2017-09-04 02:54:13.779439'),(2,'pbkdf2_sha256$20000$0ut8pVqTH6pH$TIufDYVHblzTXYOfqyn/2cfA5U0WlK/8liYbyvpCDE0=','2017-09-07 05:49:15.946474',0,'bbb','','','bbb@xyz.com',0,1,'2017-09-04 02:54:30.366874'),(3,'pbkdf2_sha256$20000$GriSXG9OfvlJ$k8CE5SpovQn7lOTFObkagJrm5l9KdU+qrT5jl0gnOXg=','2017-09-07 09:14:21.312986',0,'ccc','','','ccc@xyz.com',0,1,'2017-09-04 02:54:39.935710'),(4,'pbkdf2_sha256$20000$6mWAkNGoudtY$++7hmT+ft3gTgH1GGH3d/4XTXIaiJqsJVq0XAz+kfTA=','2017-09-07 09:20:31.467074',0,'ddd','','','ddd@xyz.com',0,1,'2017-09-04 02:54:49.933826'),(5,'pbkdf2_sha256$20000$eirR2oTG3Wkv$XCl3tM4mNmKfxtzB7mafpCfte/ApnEDf89/jzJOJgFs=',NULL,0,'eee','','','eee@xyz.com',0,1,'2017-09-04 02:55:00.866174'),(7,'pbkdf2_sha256$20000$a3BiJAgYuH9h$FiVUZ6/sSBvBjY3Y1/iasE/7Bqrss2HgDn14hCazw6M=','2017-09-07 05:39:42.547510',1,'suraj','','','surajshah525@gmail.com',1,1,'2017-09-04 04:33:47.817717');
/*!40000 ALTER TABLE `auth_user` ENABLE KEYS */;
UNLOCK TABLES;

--
-- Table structure for table `auth_user_groups`
--

DROP TABLE IF EXISTS `auth_user_groups`;
/*!40101 SET @saved_cs_client     = @@character_set_client */;
/*!40101 SET character_set_client = utf8 */;
CREATE TABLE `auth_user_groups` (
  `id` int(11) NOT NULL AUTO_INCREMENT,
  `user_id` int(11) NOT NULL,
  `group_id` int(11) NOT NULL,
  PRIMARY KEY (`id`),
  UNIQUE KEY `user_id` (`user_id`,`group_id`),
  KEY `auth_user_groups_group_id_33ac548dcf5f8e37_fk_auth_group_id` (`group_id`),
  CONSTRAINT `auth_user_groups_group_id_33ac548dcf5f8e37_fk_auth_group_id` FOREIGN KEY (`group_id`) REFERENCES `auth_group` (`id`),
  CONSTRAINT `auth_user_groups_user_id_4b5ed4ffdb8fd9b0_fk_auth_user_id` FOREIGN KEY (`user_id`) REFERENCES `auth_user` (`id`)
) ENGINE=InnoDB DEFAULT CHARSET=latin1;
/*!40101 SET character_set_client = @saved_cs_client */;

--
-- Dumping data for table `auth_user_groups`
--

LOCK TABLES `auth_user_groups` WRITE;
/*!40000 ALTER TABLE `auth_user_groups` DISABLE KEYS */;
/*!40000 ALTER TABLE `auth_user_groups` ENABLE KEYS */;
UNLOCK TABLES;

--
-- Table structure for table `auth_user_user_permissions`
--

DROP TABLE IF EXISTS `auth_user_user_permissions`;
/*!40101 SET @saved_cs_client     = @@character_set_client */;
/*!40101 SET character_set_client = utf8 */;
CREATE TABLE `auth_user_user_permissions` (
  `id` int(11) NOT NULL AUTO_INCREMENT,
  `user_id` int(11) NOT NULL,
  `permission_id` int(11) NOT NULL,
  PRIMARY KEY (`id`),
  UNIQUE KEY `user_id` (`user_id`,`permission_id`),
  KEY `auth_user_u_permission_id_384b62483d7071f0_fk_auth_permission_id` (`permission_id`),
  CONSTRAINT `auth_user_u_permission_id_384b62483d7071f0_fk_auth_permission_id` FOREIGN KEY (`permission_id`) REFERENCES `auth_permission` (`id`),
  CONSTRAINT `auth_user_user_permissi_user_id_7f0938558328534a_fk_auth_user_id` FOREIGN KEY (`user_id`) REFERENCES `auth_user` (`id`)
) ENGINE=InnoDB DEFAULT CHARSET=latin1;
/*!40101 SET character_set_client = @saved_cs_client */;

--
-- Dumping data for table `auth_user_user_permissions`
--

LOCK TABLES `auth_user_user_permissions` WRITE;
/*!40000 ALTER TABLE `auth_user_user_permissions` DISABLE KEYS */;
/*!40000 ALTER TABLE `auth_user_user_permissions` ENABLE KEYS */;
UNLOCK TABLES;

--
-- Table structure for table `django_admin_log`
--

DROP TABLE IF EXISTS `django_admin_log`;
/*!40101 SET @saved_cs_client     = @@character_set_client */;
/*!40101 SET character_set_client = utf8 */;
CREATE TABLE `django_admin_log` (
  `id` int(11) NOT NULL AUTO_INCREMENT,
  `action_time` datetime(6) NOT NULL,
  `object_id` longtext,
  `object_repr` varchar(200) NOT NULL,
  `action_flag` smallint(5) unsigned NOT NULL,
  `change_message` longtext NOT NULL,
  `content_type_id` int(11) DEFAULT NULL,
  `user_id` int(11) NOT NULL,
  PRIMARY KEY (`id`),
  KEY `djang_content_type_id_697914295151027a_fk_django_content_type_id` (`content_type_id`),
  KEY `django_admin_log_user_id_52fdd58701c5f563_fk_auth_user_id` (`user_id`),
  CONSTRAINT `djang_content_type_id_697914295151027a_fk_django_content_type_id` FOREIGN KEY (`content_type_id`) REFERENCES `django_content_type` (`id`),
  CONSTRAINT `django_admin_log_user_id_52fdd58701c5f563_fk_auth_user_id` FOREIGN KEY (`user_id`) REFERENCES `auth_user` (`id`)
) ENGINE=InnoDB DEFAULT CHARSET=latin1;
/*!40101 SET character_set_client = @saved_cs_client */;

--
-- Dumping data for table `django_admin_log`
--

LOCK TABLES `django_admin_log` WRITE;
/*!40000 ALTER TABLE `django_admin_log` DISABLE KEYS */;
/*!40000 ALTER TABLE `django_admin_log` ENABLE KEYS */;
UNLOCK TABLES;

--
-- Table structure for table `django_content_type`
--

DROP TABLE IF EXISTS `django_content_type`;
/*!40101 SET @saved_cs_client     = @@character_set_client */;
/*!40101 SET character_set_client = utf8 */;
CREATE TABLE `django_content_type` (
  `id` int(11) NOT NULL AUTO_INCREMENT,
  `app_label` varchar(100) NOT NULL,
  `model` varchar(100) NOT NULL,
  PRIMARY KEY (`id`),
  UNIQUE KEY `django_content_type_app_label_45f3b1d93ec8c61c_uniq` (`app_label`,`model`)
) ENGINE=InnoDB AUTO_INCREMENT=10 DEFAULT CHARSET=latin1;
/*!40101 SET character_set_client = @saved_cs_client */;

--
-- Dumping data for table `django_content_type`
--

LOCK TABLES `django_content_type` WRITE;
/*!40000 ALTER TABLE `django_content_type` DISABLE KEYS */;
INSERT INTO `django_content_type` VALUES (1,'admin','logentry'),(3,'auth','group'),(2,'auth','permission'),(4,'auth','user'),(5,'contenttypes','contenttype'),(6,'sessions','session'),(9,'surajsite','loginlogs'),(7,'surajsite','siteuser'),(8,'surajsite','userlogs');
/*!40000 ALTER TABLE `django_content_type` ENABLE KEYS */;
UNLOCK TABLES;

--
-- Table structure for table `django_migrations`
--

DROP TABLE IF EXISTS `django_migrations`;
/*!40101 SET @saved_cs_client     = @@character_set_client */;
/*!40101 SET character_set_client = utf8 */;
CREATE TABLE `django_migrations` (
  `id` int(11) NOT NULL AUTO_INCREMENT,
  `app` varchar(255) NOT NULL,
  `name` varchar(255) NOT NULL,
  `applied` datetime(6) NOT NULL,
  PRIMARY KEY (`id`)
) ENGINE=InnoDB AUTO_INCREMENT=15 DEFAULT CHARSET=latin1;
/*!40101 SET character_set_client = @saved_cs_client */;

--
-- Dumping data for table `django_migrations`
--

LOCK TABLES `django_migrations` WRITE;
/*!40000 ALTER TABLE `django_migrations` DISABLE KEYS */;
INSERT INTO `django_migrations` VALUES (1,'contenttypes','0001_initial','2017-09-04 02:38:57.273200'),(2,'auth','0001_initial','2017-09-04 02:38:57.676841'),(3,'admin','0001_initial','2017-09-04 02:38:57.783363'),(4,'contenttypes','0002_remove_content_type_name','2017-09-04 02:38:57.868509'),(5,'auth','0002_alter_permission_name_max_length','2017-09-04 02:38:57.886503'),(6,'auth','0003_alter_user_email_max_length','2017-09-04 02:38:57.904284'),(7,'auth','0004_alter_user_username_opts','2017-09-04 02:38:57.917164'),(8,'auth','0005_alter_user_last_login_null','2017-09-04 02:38:57.960738'),(9,'auth','0006_require_contenttypes_0002','2017-09-04 02:38:57.964210'),(10,'sessions','0001_initial','2017-09-04 02:38:57.997202'),(11,'surajsite','0001_initial','2017-09-04 02:38:58.129302'),(12,'surajsite','0002_userlogs_timestamp','2017-09-05 01:01:02.143956'),(13,'surajsite','0003_auto_20170905_0828','2017-09-05 08:28:44.483792'),(14,'surajsite','0004_auto_20170907_0746','2017-09-07 07:46:55.305470');
/*!40000 ALTER TABLE `django_migrations` ENABLE KEYS */;
UNLOCK TABLES;

--
-- Table structure for table `django_session`
--

DROP TABLE IF EXISTS `django_session`;
/*!40101 SET @saved_cs_client     = @@character_set_client */;
/*!40101 SET character_set_client = utf8 */;
CREATE TABLE `django_session` (
  `session_key` varchar(40) NOT NULL,
  `session_data` longtext NOT NULL,
  `expire_date` datetime(6) NOT NULL,
  PRIMARY KEY (`session_key`),
  KEY `django_session_de54fa62` (`expire_date`)
) ENGINE=InnoDB DEFAULT CHARSET=latin1;
/*!40101 SET character_set_client = @saved_cs_client */;

--
-- Dumping data for table `django_session`
--

LOCK TABLES `django_session` WRITE;
/*!40000 ALTER TABLE `django_session` DISABLE KEYS */;
INSERT INTO `django_session` VALUES ('j3mkllifjckwjmlswwtilms0xl4vpomy','MGIyOTI4NDM2ZTBlZTI0YjVlM2VlZDNmOTUzYWZjYWQ1OWM1OGUwODp7Il9hdXRoX3VzZXJfaGFzaCI6IjNmNjM5ODM5OWE2NTJjMDg1MWY2NDEwMDZlM2UzN2Y2NzM2MTkyNjkiLCJfYXV0aF91c2VyX2JhY2tlbmQiOiJkamFuZ28uY29udHJpYi5hdXRoLmJhY2tlbmRzLk1vZGVsQmFja2VuZCIsIl9hdXRoX3VzZXJfaWQiOiIxIn0=','2017-09-20 10:57:40.946737'),('pvtugu775ireb3yuualtlry4v7ep3lls','MGIyOTI4NDM2ZTBlZTI0YjVlM2VlZDNmOTUzYWZjYWQ1OWM1OGUwODp7Il9hdXRoX3VzZXJfaGFzaCI6IjNmNjM5ODM5OWE2NTJjMDg1MWY2NDEwMDZlM2UzN2Y2NzM2MTkyNjkiLCJfYXV0aF91c2VyX2JhY2tlbmQiOiJkamFuZ28uY29udHJpYi5hdXRoLmJhY2tlbmRzLk1vZGVsQmFja2VuZCIsIl9hdXRoX3VzZXJfaWQiOiIxIn0=','2017-09-21 07:30:12.180230');
/*!40000 ALTER TABLE `django_session` ENABLE KEYS */;
UNLOCK TABLES;

--
-- Table structure for table `surajsite_loginlogs`
--

DROP TABLE IF EXISTS `surajsite_loginlogs`;
/*!40101 SET @saved_cs_client     = @@character_set_client */;
/*!40101 SET character_set_client = utf8 */;
CREATE TABLE `surajsite_loginlogs` (
  `id` int(11) NOT NULL AUTO_INCREMENT,
  `action` varchar(64) NOT NULL,
  `ip` char(39) DEFAULT NULL,
  `username` varchar(256) DEFAULT NULL,
  `timestamp` datetime(6) NOT NULL,
  PRIMARY KEY (`id`)
) ENGINE=InnoDB AUTO_INCREMENT=157 DEFAULT CHARSET=latin1;
/*!40101 SET character_set_client = @saved_cs_client */;

--
-- Dumping data for table `surajsite_loginlogs`
--

LOCK TABLES `surajsite_loginlogs` WRITE;
/*!40000 ALTER TABLE `surajsite_loginlogs` DISABLE KEYS */;
INSERT INTO `surajsite_loginlogs` VALUES (1,'user_logged_in','127.0.0.1','aaa','2017-09-05 08:30:14.392845'),(2,'user_logged_out','127.0.0.1','aaa','2017-09-05 08:30:36.979135'),(3,'user_logged_in','127.0.0.1','suraj','2017-09-05 08:30:44.123055'),(4,'user_logged_out','127.0.0.1','suraj','2017-09-05 08:31:01.410246'),(5,'user_logged_in','127.0.0.1','bbb','2017-09-05 08:31:06.797058'),(6,'user_logged_out','127.0.0.1','bbb','2017-09-05 08:33:56.939434'),(7,'user_logged_in','127.0.0.1','aaa','2017-09-05 08:34:01.252957'),(8,'user_logged_out','127.0.0.1','aaa','2017-09-05 08:35:56.408249'),(9,'user_logged_in','127.0.0.1','aaa','2017-09-05 08:36:00.734678'),(10,'user_logged_out','127.0.0.1','aaa','2017-09-05 08:37:40.027439'),(11,'user_logged_in','127.0.0.1','bbb','2017-09-05 08:37:45.916856'),(12,'user_logged_out','127.0.0.1','bbb','2017-09-05 09:18:10.857227'),(13,'user_logged_in','127.0.0.1','aaa','2017-09-05 09:18:15.826716'),(14,'user_logged_out','127.0.0.1','aaa','2017-09-05 09:20:01.690086'),(15,'user_logged_in','127.0.0.1','aaa','2017-09-05 09:20:05.699052'),(16,'user_logged_out','127.0.0.1','aaa','2017-09-05 22:03:56.128869'),(17,'user_logged_in','127.0.0.1','aaa','2017-09-05 22:04:00.941406'),(18,'user_logged_out','127.0.0.1','aaa','2017-09-05 22:04:38.993315'),(19,'user_logged_in','127.0.0.1','suraj','2017-09-05 22:04:49.588280'),(20,'user_logged_out','127.0.0.1','suraj','2017-09-05 22:05:00.810894'),(21,'user_logged_in','127.0.0.1','aaa','2017-09-05 23:12:52.151387'),(22,'user_logged_out','127.0.0.1','aaa','2017-09-05 23:13:24.331648'),(23,'user_logged_in','127.0.0.1','aaa','2017-09-05 23:13:32.839234'),(24,'user_logged_out','127.0.0.1','aaa','2017-09-05 23:13:36.698367'),(25,'user_logged_in','127.0.0.1','aaa','2017-09-06 06:28:45.861420'),(26,'user_logged_out','127.0.0.1','aaa','2017-09-06 06:29:02.525972'),(27,'user_logged_in','127.0.0.1','aaa','2017-09-06 08:00:46.278855'),(28,'user_logged_out','127.0.0.1','aaa','2017-09-06 08:01:10.128775'),(29,'user_logged_in','127.0.0.1','aaa','2017-09-06 08:04:05.076799'),(30,'user_logged_out','127.0.0.1','aaa','2017-09-06 08:33:52.487533'),(31,'user_logged_in','127.0.0.1','aaa','2017-09-06 08:33:55.164271'),(32,'user_logged_out','127.0.0.1','aaa','2017-09-06 08:34:46.202861'),(33,'user_logged_in','127.0.0.1','aaa','2017-09-06 08:34:50.812091'),(34,'user_logged_out','127.0.0.1','aaa','2017-09-06 08:35:34.307614'),(35,'user_logged_in','127.0.0.1','aaa','2017-09-06 09:11:34.043212'),(36,'user_logged_out','127.0.0.1','aaa','2017-09-06 09:11:38.359930'),(37,'user_logged_in','127.0.0.1','aaa','2017-09-06 10:53:39.259077'),(38,'user_logged_out','127.0.0.1','aaa','2017-09-06 10:56:18.320135'),(39,'user_logged_in','127.0.0.1','aaa','2017-09-06 10:56:26.154811'),(40,'user_logged_out','127.0.0.1','aaa','2017-09-06 10:56:29.899894'),(41,'user_logged_in','127.0.0.1','aaa','2017-09-06 10:57:40.944077'),(42,'user_logged_in','127.0.0.1','aaa','2017-09-06 10:59:27.942403'),(43,'user_logged_out','127.0.0.1','aaa','2017-09-06 11:04:27.288129'),(44,'user_logged_in','127.0.0.1','aaa','2017-09-06 11:04:29.495954'),(45,'user_logged_out','127.0.0.1','aaa','2017-09-06 11:06:48.520836'),(46,'user_logged_in','127.0.0.1','aaa','2017-09-06 11:06:50.677040'),(47,'user_logged_out','127.0.0.1','aaa','2017-09-06 11:06:57.560334'),(48,'user_logged_in','127.0.0.1','aaa','2017-09-06 11:07:00.406736'),(49,'user_logged_out','127.0.0.1','aaa','2017-09-06 11:15:03.727998'),(50,'user_logged_in','127.0.0.1','aaa','2017-09-06 11:15:08.142852'),(51,'user_logged_out','127.0.0.1','aaa','2017-09-06 11:17:35.993636'),(52,'user_logged_in','127.0.0.1','aaa','2017-09-06 11:17:38.385003'),(53,'user_logged_out','127.0.0.1','aaa','2017-09-06 11:22:20.844546'),(54,'user_logged_in','127.0.0.1','aaa','2017-09-06 11:22:23.376155'),(55,'user_logged_out','127.0.0.1','aaa','2017-09-06 11:23:59.610588'),(56,'user_logged_in','127.0.0.1','aaa','2017-09-06 11:24:01.784075'),(57,'user_logged_out','127.0.0.1','aaa','2017-09-06 11:26:49.671721'),(58,'user_logged_in','127.0.0.1','aaa','2017-09-06 11:26:57.431323'),(59,'user_logged_out','127.0.0.1','aaa','2017-09-06 11:30:24.792624'),(60,'user_logged_in','127.0.0.1','aaa','2017-09-06 11:30:28.552509'),(61,'user_logged_out','127.0.0.1','aaa','2017-09-06 11:34:20.064446'),(62,'user_logged_in','127.0.0.1','aaa','2017-09-06 11:34:23.079609'),(63,'user_logged_out','127.0.0.1','aaa','2017-09-06 11:40:06.626080'),(64,'user_logged_in','127.0.0.1','aaa','2017-09-06 11:40:08.602762'),(65,'user_logged_out','127.0.0.1','aaa','2017-09-06 11:42:38.338019'),(66,'user_logged_in','127.0.0.1','aaa','2017-09-06 11:42:40.548903'),(67,'user_logged_out','127.0.0.1','aaa','2017-09-06 11:45:09.929249'),(68,'user_logged_in','127.0.0.1','aaa','2017-09-06 11:45:13.032830'),(69,'user_logged_out','127.0.0.1','aaa','2017-09-06 11:58:48.870853'),(70,'user_logged_in','127.0.0.1','aaa','2017-09-06 11:58:51.752728'),(71,'user_logged_in','127.0.0.1','aaa','2017-09-06 12:07:49.230603'),(72,'user_logged_out','127.0.0.1','aaa','2017-09-06 12:08:05.660939'),(73,'user_logged_in','127.0.0.1','aaa','2017-09-06 12:08:07.611842'),(74,'user_logged_out','127.0.0.1','aaa','2017-09-06 12:12:20.923335'),(75,'user_logged_in','127.0.0.1','aaa','2017-09-06 12:12:24.238655'),(76,'user_logged_out','127.0.0.1','aaa','2017-09-06 12:17:02.270749'),(77,'user_logged_in','127.0.0.1','aaa','2017-09-06 12:17:06.218667'),(78,'user_logged_out','127.0.0.1','aaa','2017-09-06 12:17:18.544314'),(79,'user_logged_in','127.0.0.1','aaa','2017-09-06 12:17:22.183367'),(80,'user_login_failed',NULL,'suraj','2017-09-07 04:35:58.374652'),(81,'user_login_failed',NULL,'suraj','2017-09-07 04:36:03.126387'),(82,'user_logged_in','127.0.0.1','suraj','2017-09-07 04:36:06.629401'),(83,'user_logged_out','127.0.0.1','suraj','2017-09-07 04:36:31.490428'),(84,'user_logged_in','127.0.0.1','suraj','2017-09-07 04:36:40.514934'),(85,'user_logged_out','127.0.0.1','suraj','2017-09-07 04:36:45.568034'),(86,'user_logged_out','127.0.0.1','aaa','2017-09-07 05:05:50.560430'),(87,'user_logged_in','127.0.0.1','suraj','2017-09-07 05:06:05.022602'),(88,'user_logged_out','127.0.0.1','suraj','2017-09-07 05:06:08.375922'),(89,'user_logged_in','127.0.0.1','suraj','2017-09-07 05:06:21.804000'),(90,'user_logged_out','127.0.0.1','suraj','2017-09-07 05:29:33.578758'),(91,'user_logged_in','127.0.0.1','suraj','2017-09-07 05:29:36.208289'),(92,'user_logged_out','127.0.0.1','suraj','2017-09-07 05:29:49.630560'),(93,'user_logged_in','127.0.0.1','suraj','2017-09-07 05:29:53.395071'),(94,'user_logged_out','127.0.0.1','suraj','2017-09-07 05:29:58.513724'),(95,'user_logged_in','127.0.0.1','suraj','2017-09-07 05:30:00.984271'),(96,'user_logged_out','127.0.0.1','suraj','2017-09-07 05:39:37.548997'),(97,'user_logged_in','127.0.0.1','suraj','2017-09-07 05:39:42.550430'),(98,'user_logged_out','127.0.0.1','suraj','2017-09-07 05:40:01.616631'),(99,'user_logged_in','127.0.0.1','aaa','2017-09-07 05:40:07.412688'),(100,'user_logged_out','127.0.0.1','aaa','2017-09-07 05:45:57.064270'),(101,'user_logged_in','127.0.0.1','aaa','2017-09-07 05:45:59.624627'),(102,'user_logged_out','127.0.0.1','aaa','2017-09-07 05:46:24.627928'),(103,'user_logged_in','127.0.0.1','bbb','2017-09-07 05:49:15.948147'),(104,'user_logged_in','127.0.0.1','aaa','2017-09-07 05:49:37.700009'),(105,'user_logged_out','127.0.0.1','bbb','2017-09-07 05:51:13.916608'),(106,'user_logged_out','127.0.0.1','aaa','2017-09-07 05:51:26.284206'),(107,'user_logged_in','127.0.0.1','aaa','2017-09-07 05:51:29.635974'),(108,'user_logged_out','127.0.0.1','aaa','2017-09-07 05:51:54.931426'),(109,'user_logged_in','127.0.0.1','aaa','2017-09-07 05:53:52.403046'),(110,'user_logged_out','127.0.0.1','aaa','2017-09-07 05:54:19.620013'),(111,'user_logged_in','127.0.0.1','aaa','2017-09-07 05:56:41.672993'),(112,'user_logged_out','127.0.0.1','aaa','2017-09-07 05:56:53.511646'),(113,'user_logged_in','127.0.0.1','aaa','2017-09-07 07:30:12.178828'),(114,'user_logged_in','127.0.0.1','aaa','2017-09-07 07:33:16.080424'),(115,'user_logged_out','127.0.0.1','aaa','2017-09-07 07:50:26.625567'),(116,'user_logged_in','127.0.0.1','aaa','2017-09-07 07:50:29.108257'),(117,'user_logged_out','127.0.0.1','aaa','2017-09-07 07:56:08.659972'),(118,'user_logged_in','127.0.0.1','aaa','2017-09-07 07:56:11.123805'),(119,'user_logged_out','127.0.0.1','aaa','2017-09-07 07:58:59.986458'),(120,'user_logged_in','127.0.0.1','aaa','2017-09-07 07:59:02.747938'),(121,'user_logged_out','127.0.0.1','aaa','2017-09-07 08:02:24.310069'),(122,'user_logged_in','127.0.0.1','aaa','2017-09-07 08:02:26.834826'),(123,'user_logged_out','127.0.0.1','aaa','2017-09-07 08:18:12.958754'),(124,'user_logged_in','127.0.0.1','ccc','2017-09-07 08:18:19.416873'),(125,'user_logged_in','127.0.0.1','ccc','2017-09-07 08:30:50.859277'),(126,'user_logged_out','127.0.0.1','ccc','2017-09-07 08:34:40.620121'),(127,'user_logged_in','127.0.0.1','ccc','2017-09-07 08:34:51.535980'),(128,'user_logged_out','127.0.0.1','ccc','2017-09-07 08:35:11.989647'),(129,'user_logged_in','127.0.0.1','ccc','2017-09-07 08:35:20.907745'),(130,'user_logged_out','127.0.0.1','ccc','2017-09-07 08:35:36.259358'),(131,'user_logged_in','127.0.0.1','ccc','2017-09-07 08:41:18.724768'),(132,'user_logged_out','127.0.0.1','ccc','2017-09-07 08:42:02.941714'),(133,'user_logged_in','127.0.0.1','ccc','2017-09-07 08:42:09.528984'),(134,'user_logged_out','127.0.0.1','ccc','2017-09-07 08:42:42.392795'),(135,'user_logged_in','127.0.0.1','ccc','2017-09-07 08:45:04.016880'),(136,'user_logged_out','127.0.0.1','ccc','2017-09-07 08:45:07.921371'),(137,'user_logged_in','127.0.0.1','ccc','2017-09-07 08:45:24.580925'),(138,'user_logged_out','127.0.0.1','ccc','2017-09-07 08:45:41.333756'),(139,'user_logged_in','127.0.0.1','ccc','2017-09-07 08:45:52.439798'),(140,'user_logged_out','127.0.0.1','ccc','2017-09-07 08:48:17.847793'),(141,'user_logged_in','127.0.0.1','ccc','2017-09-07 08:48:20.799774'),(142,'user_logged_out','127.0.0.1','ccc','2017-09-07 08:48:24.869413'),(143,'user_logged_in','127.0.0.1','ccc','2017-09-07 08:48:34.132022'),(144,'user_logged_out','127.0.0.1','ccc','2017-09-07 08:48:44.201177'),(145,'user_logged_in','127.0.0.1','ccc','2017-09-07 08:49:28.569587'),(146,'user_logged_out','127.0.0.1','ccc','2017-09-07 08:49:38.506099'),(147,'user_logged_in','127.0.0.1','ccc','2017-09-07 08:52:07.371340'),(148,'user_logged_out','127.0.0.1','ccc','2017-09-07 08:52:13.548475'),(149,'user_logged_in','127.0.0.1','ccc','2017-09-07 08:55:10.363962'),(150,'user_logged_out','127.0.0.1','ccc','2017-09-07 08:55:16.482503'),(151,'user_logged_in','127.0.0.1','ccc','2017-09-07 09:14:21.316087'),(152,'user_logged_out','127.0.0.1','ccc','2017-09-07 09:14:31.931387'),(153,'user_logged_in','127.0.0.1','ddd','2017-09-07 09:14:41.042675'),(154,'user_logged_out','127.0.0.1','ddd','2017-09-07 09:20:28.108998'),(155,'user_logged_in','127.0.0.1','ddd','2017-09-07 09:20:31.468974'),(156,'user_logged_out','127.0.0.1','ddd','2017-09-07 09:21:47.240421');
/*!40000 ALTER TABLE `surajsite_loginlogs` ENABLE KEYS */;
UNLOCK TABLES;

--
-- Table structure for table `surajsite_siteuser`
--

DROP TABLE IF EXISTS `surajsite_siteuser`;
/*!40101 SET @saved_cs_client     = @@character_set_client */;
/*!40101 SET character_set_client = utf8 */;
CREATE TABLE `surajsite_siteuser` (
  `user_ptr_id` int(11) NOT NULL,
  `created_on` datetime(6) NOT NULL,
  `last_modified` datetime(6) NOT NULL,
  PRIMARY KEY (`user_ptr_id`),
  CONSTRAINT `surajsite_siteuser_user_ptr_id_7775596263567289_fk_auth_user_id` FOREIGN KEY (`user_ptr_id`) REFERENCES `auth_user` (`id`)
) ENGINE=InnoDB DEFAULT CHARSET=latin1;
/*!40101 SET character_set_client = @saved_cs_client */;

--
-- Dumping data for table `surajsite_siteuser`
--

LOCK TABLES `surajsite_siteuser` WRITE;
/*!40000 ALTER TABLE `surajsite_siteuser` DISABLE KEYS */;
INSERT INTO `surajsite_siteuser` VALUES (1,'2017-09-04 02:54:13.805256','2017-09-04 02:54:13.805278'),(2,'2017-09-04 02:54:30.390302','2017-09-04 02:54:30.390324'),(3,'2017-09-04 02:54:39.956443','2017-09-04 02:54:39.956465'),(4,'2017-09-04 02:54:49.956591','2017-09-04 02:54:49.956614'),(5,'2017-09-04 02:55:00.886716','2017-09-04 02:55:00.886738'),(7,'2017-09-04 04:33:47.838025','2017-09-04 04:33:47.838049');
/*!40000 ALTER TABLE `surajsite_siteuser` ENABLE KEYS */;
UNLOCK TABLES;

--
-- Table structure for table `surajsite_userlogs`
--

DROP TABLE IF EXISTS `surajsite_userlogs`;
/*!40101 SET @saved_cs_client     = @@character_set_client */;
/*!40101 SET character_set_client = utf8 */;
CREATE TABLE `surajsite_userlogs` (
  `id` int(11) NOT NULL AUTO_INCREMENT,
  `action` varchar(256) NOT NULL,
  `link` longtext NOT NULL,
  `obj` longtext NOT NULL,
  `created_on` datetime(6) NOT NULL,
  `last_modified` datetime(6) NOT NULL,
  `user_id` int(11) NOT NULL,
  `timestamp` datetime(6) NOT NULL,
  `main_link` longtext,
  PRIMARY KEY (`id`),
  KEY `suraj_user_id_3cefafcd2d1a5bd0_fk_surajsite_siteuser_user_ptr_id` (`user_id`),
  CONSTRAINT `suraj_user_id_3cefafcd2d1a5bd0_fk_surajsite_siteuser_user_ptr_id` FOREIGN KEY (`user_id`) REFERENCES `surajsite_siteuser` (`user_ptr_id`)
) ENGINE=InnoDB AUTO_INCREMENT=562 DEFAULT CHARSET=latin1;
/*!40101 SET character_set_client = @saved_cs_client */;

--
-- Dumping data for table `surajsite_userlogs`
--

LOCK TABLES `surajsite_userlogs` WRITE;
/*!40000 ALTER TABLE `surajsite_userlogs` DISABLE KEYS */;
INSERT INTO `surajsite_userlogs` VALUES (1,'click','/questions/218384/what-is-a-nullpointerexception-and-how-do-i-fix-it','What is a NullPointerException, and how do I fix it?','2017-09-06 12:39:17.782320','2017-09-06 12:39:17.786656',1,'2017-09-06 12:39:17.309000',NULL),(2,'click','/questions/513832/how-do-i-compare-strings-in-java','How do I compare strings in Java?','2017-09-07 05:32:50.928497','2017-09-07 05:32:50.932068',7,'2017-09-07 05:32:46.133000',NULL),(3,'click','https://stackoverflow.com/users/login?ssrc=head&returnurl=https%3a%2f%2fstackoverflow.com%2fquestions%2ftagged%2fjava%3fsort%3dfrequent%26pagesize%3d15','Log In','2017-09-07 07:33:19.918041','2017-09-07 07:33:19.922109',1,'2017-09-07 07:33:19.703000',NULL),(4,'click','/questions/513832/how-do-i-compare-strings-in-java','How do I compare strings in Java?','2017-09-07 07:33:30.358948','2017-09-07 07:33:30.363846',1,'2017-09-07 07:33:30.170000',NULL),(5,'click','','up vote','2017-09-07 07:33:34.877407','2017-09-07 07:33:34.879822',1,'2017-09-07 07:33:34.699000',NULL),(6,'click','','up vote','2017-09-07 07:33:37.594144','2017-09-07 07:33:37.596594',1,'2017-09-07 07:33:37.418000',NULL),(7,'click','','down vote','2017-09-07 07:34:15.560827','2017-09-07 07:34:15.563353',1,'2017-09-07 07:34:15.252000',NULL),(8,'click','https://stackoverflow.com/questions/513832/how-do-i-compare-strings-in-java','How do I compare strings in Java?','2017-09-07 07:51:38.213448','2017-09-07 07:51:38.216098',1,'2017-09-07 07:51:38.018000','https://stackoverflow.com/questions/tagged/java?sort=frequent&pageSize=15'),(9,'scroll','https://stackoverflow.com','','2017-09-07 07:52:40.667376','2017-09-07 07:52:40.672654',1,'2017-09-07 07:52:40.473000','https://stackoverflow.com/questions/8163056/wide-html-table-runs-off-right-of-page-how-to-enable-horizontal-scroll-bar-of'),(10,'scroll','https://stackoverflow.com','','2017-09-07 07:52:40.714394','2017-09-07 07:52:40.716967',1,'2017-09-07 07:52:40.498000','https://stackoverflow.com/questions/8163056/wide-html-table-runs-off-right-of-page-how-to-enable-horizontal-scroll-bar-of'),(11,'scroll','https://stackoverflow.com','','2017-09-07 07:52:40.725014','2017-09-07 07:52:40.727716',1,'2017-09-07 07:52:40.508000','https://stackoverflow.com/questions/8163056/wide-html-table-runs-off-right-of-page-how-to-enable-horizontal-scroll-bar-of'),(12,'scroll','https://stackoverflow.com','','2017-09-07 07:52:40.730344','2017-09-07 07:52:40.732409',1,'2017-09-07 07:52:40.522000','https://stackoverflow.com/questions/8163056/wide-html-table-runs-off-right-of-page-how-to-enable-horizontal-scroll-bar-of'),(13,'scroll','https://stackoverflow.com','','2017-09-07 07:52:40.738572','2017-09-07 07:52:40.740998',1,'2017-09-07 07:52:40.539000','https://stackoverflow.com/questions/8163056/wide-html-table-runs-off-right-of-page-how-to-enable-horizontal-scroll-bar-of'),(14,'scroll','https://stackoverflow.com','','2017-09-07 07:52:40.753623','2017-09-07 07:52:40.756084',1,'2017-09-07 07:52:40.556000','https://stackoverflow.com/questions/8163056/wide-html-table-runs-off-right-of-page-how-to-enable-horizontal-scroll-bar-of'),(15,'scroll','https://stackoverflow.com','','2017-09-07 07:52:40.767627','2017-09-07 07:52:40.770061',1,'2017-09-07 07:52:40.575000','https://stackoverflow.com/questions/8163056/wide-html-table-runs-off-right-of-page-how-to-enable-horizontal-scroll-bar-of'),(16,'scroll','https://stackoverflow.com','','2017-09-07 07:52:40.773547','2017-09-07 07:52:40.775962',1,'2017-09-07 07:52:40.588000','https://stackoverflow.com/questions/8163056/wide-html-table-runs-off-right-of-page-how-to-enable-horizontal-scroll-bar-of'),(17,'scroll','https://stackoverflow.com','','2017-09-07 07:52:40.785469','2017-09-07 07:52:40.788396',1,'2017-09-07 07:52:40.606000','https://stackoverflow.com/questions/8163056/wide-html-table-runs-off-right-of-page-how-to-enable-horizontal-scroll-bar-of'),(18,'scroll','https://stackoverflow.com','','2017-09-07 07:52:40.797971','2017-09-07 07:52:40.802931',1,'2017-09-07 07:52:40.623000','https://stackoverflow.com/questions/8163056/wide-html-table-runs-off-right-of-page-how-to-enable-horizontal-scroll-bar-of'),(19,'scroll','https://stackoverflow.com','','2017-09-07 07:52:40.817397','2017-09-07 07:52:40.819999',1,'2017-09-07 07:52:40.638000','https://stackoverflow.com/questions/8163056/wide-html-table-runs-off-right-of-page-how-to-enable-horizontal-scroll-bar-of'),(20,'scroll','https://stackoverflow.com','','2017-09-07 07:52:40.831683','2017-09-07 07:52:40.834371',1,'2017-09-07 07:52:40.655000','https://stackoverflow.com/questions/8163056/wide-html-table-runs-off-right-of-page-how-to-enable-horizontal-scroll-bar-of'),(21,'scroll','https://stackoverflow.com','','2017-09-07 07:52:40.849171','2017-09-07 07:52:40.851637',1,'2017-09-07 07:52:40.673000','https://stackoverflow.com/questions/8163056/wide-html-table-runs-off-right-of-page-how-to-enable-horizontal-scroll-bar-of'),(22,'scroll','https://stackoverflow.com','','2017-09-07 07:52:40.864091','2017-09-07 07:52:40.866627',1,'2017-09-07 07:52:40.689000','https://stackoverflow.com/questions/8163056/wide-html-table-runs-off-right-of-page-how-to-enable-horizontal-scroll-bar-of'),(23,'scroll','https://stackoverflow.com','','2017-09-07 07:52:40.892669','2017-09-07 07:52:40.895211',1,'2017-09-07 07:52:40.710000','https://stackoverflow.com/questions/8163056/wide-html-table-runs-off-right-of-page-how-to-enable-horizontal-scroll-bar-of'),(24,'scroll','https://stackoverflow.com','','2017-09-07 07:52:40.899020','2017-09-07 07:52:40.907653',1,'2017-09-07 07:52:40.723000','https://stackoverflow.com/questions/8163056/wide-html-table-runs-off-right-of-page-how-to-enable-horizontal-scroll-bar-of'),(25,'scroll','https://stackoverflow.com','','2017-09-07 07:52:40.915680','2017-09-07 07:52:40.918094',1,'2017-09-07 07:52:40.740000','https://stackoverflow.com/questions/8163056/wide-html-table-runs-off-right-of-page-how-to-enable-horizontal-scroll-bar-of'),(26,'scroll','https://stackoverflow.com','','2017-09-07 07:52:40.932556','2017-09-07 07:52:40.935059',1,'2017-09-07 07:52:40.756000','https://stackoverflow.com/questions/8163056/wide-html-table-runs-off-right-of-page-how-to-enable-horizontal-scroll-bar-of'),(27,'scroll','https://stackoverflow.com','','2017-09-07 07:52:40.952061','2017-09-07 07:52:40.954523',1,'2017-09-07 07:52:40.772000','https://stackoverflow.com/questions/8163056/wide-html-table-runs-off-right-of-page-how-to-enable-horizontal-scroll-bar-of'),(28,'scroll','https://stackoverflow.com','','2017-09-07 07:52:46.225318','2017-09-07 07:52:46.231996',1,'2017-09-07 07:52:46.049000','https://stackoverflow.com/questions/8163056/wide-html-table-runs-off-right-of-page-how-to-enable-horizontal-scroll-bar-of'),(29,'scroll','https://stackoverflow.com','','2017-09-07 07:52:46.240019','2017-09-07 07:52:46.242413',1,'2017-09-07 07:52:46.066000','https://stackoverflow.com/questions/8163056/wide-html-table-runs-off-right-of-page-how-to-enable-horizontal-scroll-bar-of'),(30,'scroll','https://stackoverflow.com','','2017-09-07 07:52:46.258755','2017-09-07 07:52:46.261347',1,'2017-09-07 07:52:46.083000','https://stackoverflow.com/questions/8163056/wide-html-table-runs-off-right-of-page-how-to-enable-horizontal-scroll-bar-of'),(31,'scroll','https://stackoverflow.com','','2017-09-07 07:52:46.290101','2017-09-07 07:52:46.293051',1,'2017-09-07 07:52:46.100000','https://stackoverflow.com/questions/8163056/wide-html-table-runs-off-right-of-page-how-to-enable-horizontal-scroll-bar-of'),(32,'scroll','https://stackoverflow.com','','2017-09-07 07:52:46.296665','2017-09-07 07:52:46.299063',1,'2017-09-07 07:52:46.117000','https://stackoverflow.com/questions/8163056/wide-html-table-runs-off-right-of-page-how-to-enable-horizontal-scroll-bar-of'),(33,'scroll','https://stackoverflow.com','','2017-09-07 07:52:46.308387','2017-09-07 07:52:46.310924',1,'2017-09-07 07:52:46.133000','https://stackoverflow.com/questions/8163056/wide-html-table-runs-off-right-of-page-how-to-enable-horizontal-scroll-bar-of'),(34,'scroll','https://stackoverflow.com','','2017-09-07 07:52:46.326450','2017-09-07 07:52:46.328886',1,'2017-09-07 07:52:46.150000','https://stackoverflow.com/questions/8163056/wide-html-table-runs-off-right-of-page-how-to-enable-horizontal-scroll-bar-of'),(35,'scroll','https://stackoverflow.com','','2017-09-07 07:52:46.345074','2017-09-07 07:52:46.347853',1,'2017-09-07 07:52:46.167000','https://stackoverflow.com/questions/8163056/wide-html-table-runs-off-right-of-page-how-to-enable-horizontal-scroll-bar-of'),(36,'scroll','https://stackoverflow.com','','2017-09-07 07:52:46.363655','2017-09-07 07:52:46.366125',1,'2017-09-07 07:52:46.185000','https://stackoverflow.com/questions/8163056/wide-html-table-runs-off-right-of-page-how-to-enable-horizontal-scroll-bar-of'),(37,'scroll','https://stackoverflow.com','','2017-09-07 07:52:46.376775','2017-09-07 07:52:46.379237',1,'2017-09-07 07:52:46.200000','https://stackoverflow.com/questions/8163056/wide-html-table-runs-off-right-of-page-how-to-enable-horizontal-scroll-bar-of'),(38,'scroll','https://stackoverflow.com','','2017-09-07 07:52:46.391973','2017-09-07 07:52:46.394419',1,'2017-09-07 07:52:46.217000','https://stackoverflow.com/questions/8163056/wide-html-table-runs-off-right-of-page-how-to-enable-horizontal-scroll-bar-of'),(39,'scroll','https://stackoverflow.com','','2017-09-07 07:52:46.409382','2017-09-07 07:52:46.411916',1,'2017-09-07 07:52:46.233000','https://stackoverflow.com/questions/8163056/wide-html-table-runs-off-right-of-page-how-to-enable-horizontal-scroll-bar-of'),(40,'scroll','https://stackoverflow.com','','2017-09-07 07:52:46.427189','2017-09-07 07:52:46.429683',1,'2017-09-07 07:52:46.251000','https://stackoverflow.com/questions/8163056/wide-html-table-runs-off-right-of-page-how-to-enable-horizontal-scroll-bar-of'),(41,'scroll','https://stackoverflow.com','','2017-09-07 07:52:46.444196','2017-09-07 07:52:46.446721',1,'2017-09-07 07:52:46.266000','https://stackoverflow.com/questions/8163056/wide-html-table-runs-off-right-of-page-how-to-enable-horizontal-scroll-bar-of'),(42,'scroll','https://stackoverflow.com','','2017-09-07 07:52:46.458068','2017-09-07 07:52:46.460521',1,'2017-09-07 07:52:46.283000','https://stackoverflow.com/questions/8163056/wide-html-table-runs-off-right-of-page-how-to-enable-horizontal-scroll-bar-of'),(43,'scroll','https://stackoverflow.com','','2017-09-07 07:52:46.475042','2017-09-07 07:52:46.477657',1,'2017-09-07 07:52:46.300000','https://stackoverflow.com/questions/8163056/wide-html-table-runs-off-right-of-page-how-to-enable-horizontal-scroll-bar-of'),(44,'scroll','https://stackoverflow.com','','2017-09-07 07:52:46.492118','2017-09-07 07:52:46.494472',1,'2017-09-07 07:52:46.317000','https://stackoverflow.com/questions/8163056/wide-html-table-runs-off-right-of-page-how-to-enable-horizontal-scroll-bar-of'),(45,'scroll','https://stackoverflow.com','','2017-09-07 07:52:46.508140','2017-09-07 07:52:46.510811',1,'2017-09-07 07:52:46.332000','https://stackoverflow.com/questions/8163056/wide-html-table-runs-off-right-of-page-how-to-enable-horizontal-scroll-bar-of'),(46,'scroll','https://stackoverflow.com','','2017-09-07 07:52:46.526989','2017-09-07 07:52:46.529503',1,'2017-09-07 07:52:46.352000','https://stackoverflow.com/questions/8163056/wide-html-table-runs-off-right-of-page-how-to-enable-horizontal-scroll-bar-of'),(47,'scroll','https://stackoverflow.com','','2017-09-07 07:52:46.540743','2017-09-07 07:52:46.549605',1,'2017-09-07 07:52:46.367000','https://stackoverflow.com/questions/8163056/wide-html-table-runs-off-right-of-page-how-to-enable-horizontal-scroll-bar-of'),(48,'scroll','https://stackoverflow.com','','2017-09-07 07:52:46.557613','2017-09-07 07:52:46.559977',1,'2017-09-07 07:52:46.383000','https://stackoverflow.com/questions/8163056/wide-html-table-runs-off-right-of-page-how-to-enable-horizontal-scroll-bar-of'),(49,'scroll','https://stackoverflow.com','','2017-09-07 07:52:46.573626','2017-09-07 07:52:46.576296',1,'2017-09-07 07:52:46.401000','https://stackoverflow.com/questions/8163056/wide-html-table-runs-off-right-of-page-how-to-enable-horizontal-scroll-bar-of'),(50,'scroll','https://stackoverflow.com','','2017-09-07 07:52:46.598207','2017-09-07 07:52:46.600673',1,'2017-09-07 07:52:46.416000','https://stackoverflow.com/questions/8163056/wide-html-table-runs-off-right-of-page-how-to-enable-horizontal-scroll-bar-of'),(51,'scroll','https://stackoverflow.com','','2017-09-07 07:52:46.607666','2017-09-07 07:52:46.610011',1,'2017-09-07 07:52:46.434000','https://stackoverflow.com/questions/8163056/wide-html-table-runs-off-right-of-page-how-to-enable-horizontal-scroll-bar-of'),(52,'scroll','https://stackoverflow.com','','2017-09-07 07:52:49.690206','2017-09-07 07:52:49.692891',1,'2017-09-07 07:52:49.512000','https://stackoverflow.com/questions/8163056/wide-html-table-runs-off-right-of-page-how-to-enable-horizontal-scroll-bar-of'),(53,'scroll','https://stackoverflow.com','','2017-09-07 07:52:49.708533','2017-09-07 07:52:49.711032',1,'2017-09-07 07:52:49.529000','https://stackoverflow.com/questions/8163056/wide-html-table-runs-off-right-of-page-how-to-enable-horizontal-scroll-bar-of'),(54,'scroll','https://stackoverflow.com','','2017-09-07 07:52:49.721163','2017-09-07 07:52:49.723528',1,'2017-09-07 07:52:49.546000','https://stackoverflow.com/questions/8163056/wide-html-table-runs-off-right-of-page-how-to-enable-horizontal-scroll-bar-of'),(55,'scroll','https://stackoverflow.com','','2017-09-07 07:52:49.737602','2017-09-07 07:52:49.740409',1,'2017-09-07 07:52:49.563000','https://stackoverflow.com/questions/8163056/wide-html-table-runs-off-right-of-page-how-to-enable-horizontal-scroll-bar-of'),(56,'scroll','https://stackoverflow.com','','2017-09-07 07:52:49.754009','2017-09-07 07:52:49.756479',1,'2017-09-07 07:52:49.580000','https://stackoverflow.com/questions/8163056/wide-html-table-runs-off-right-of-page-how-to-enable-horizontal-scroll-bar-of'),(57,'scroll','https://stackoverflow.com','','2017-09-07 07:52:49.770309','2017-09-07 07:52:49.772634',1,'2017-09-07 07:52:49.597000','https://stackoverflow.com/questions/8163056/wide-html-table-runs-off-right-of-page-how-to-enable-horizontal-scroll-bar-of'),(58,'scroll','https://stackoverflow.com','','2017-09-07 07:52:49.789843','2017-09-07 07:52:49.792406',1,'2017-09-07 07:52:49.614000','https://stackoverflow.com/questions/8163056/wide-html-table-runs-off-right-of-page-how-to-enable-horizontal-scroll-bar-of'),(59,'scroll','https://stackoverflow.com','','2017-09-07 07:52:49.806033','2017-09-07 07:52:49.808401',1,'2017-09-07 07:52:49.629000','https://stackoverflow.com/questions/8163056/wide-html-table-runs-off-right-of-page-how-to-enable-horizontal-scroll-bar-of'),(60,'scroll','https://stackoverflow.com','','2017-09-07 07:52:49.825932','2017-09-07 07:52:49.828349',1,'2017-09-07 07:52:49.646000','https://stackoverflow.com/questions/8163056/wide-html-table-runs-off-right-of-page-how-to-enable-horizontal-scroll-bar-of'),(61,'scroll','https://stackoverflow.com','','2017-09-07 07:52:49.839449','2017-09-07 07:52:49.841824',1,'2017-09-07 07:52:49.664000','https://stackoverflow.com/questions/8163056/wide-html-table-runs-off-right-of-page-how-to-enable-horizontal-scroll-bar-of'),(62,'scroll','https://stackoverflow.com','','2017-09-07 07:52:49.859554','2017-09-07 07:52:49.862069',1,'2017-09-07 07:52:49.680000','https://stackoverflow.com/questions/8163056/wide-html-table-runs-off-right-of-page-how-to-enable-horizontal-scroll-bar-of'),(63,'scroll','https://stackoverflow.com','','2017-09-07 07:52:49.871386','2017-09-07 07:52:49.873879',1,'2017-09-07 07:52:49.696000','https://stackoverflow.com/questions/8163056/wide-html-table-runs-off-right-of-page-how-to-enable-horizontal-scroll-bar-of'),(64,'scroll','https://stackoverflow.com','','2017-09-07 07:52:49.891863','2017-09-07 07:52:49.894409',1,'2017-09-07 07:52:49.714000','https://stackoverflow.com/questions/8163056/wide-html-table-runs-off-right-of-page-how-to-enable-horizontal-scroll-bar-of'),(65,'scroll','https://stackoverflow.com','','2017-09-07 07:52:49.903601','2017-09-07 07:52:49.906015',1,'2017-09-07 07:52:49.730000','https://stackoverflow.com/questions/8163056/wide-html-table-runs-off-right-of-page-how-to-enable-horizontal-scroll-bar-of'),(66,'scroll','https://stackoverflow.com','','2017-09-07 07:52:49.926179','2017-09-07 07:52:49.928641',1,'2017-09-07 07:52:49.747000','https://stackoverflow.com/questions/8163056/wide-html-table-runs-off-right-of-page-how-to-enable-horizontal-scroll-bar-of'),(67,'scroll','https://stackoverflow.com','','2017-09-07 07:52:49.937462','2017-09-07 07:52:49.940481',1,'2017-09-07 07:52:49.764000','https://stackoverflow.com/questions/8163056/wide-html-table-runs-off-right-of-page-how-to-enable-horizontal-scroll-bar-of'),(68,'scroll','https://stackoverflow.com','','2017-09-07 07:52:49.955399','2017-09-07 07:52:49.962201',1,'2017-09-07 07:52:49.780000','https://stackoverflow.com/questions/8163056/wide-html-table-runs-off-right-of-page-how-to-enable-horizontal-scroll-bar-of'),(69,'scroll','https://stackoverflow.com','','2017-09-07 07:52:49.971002','2017-09-07 07:52:49.973375',1,'2017-09-07 07:52:49.796000','https://stackoverflow.com/questions/8163056/wide-html-table-runs-off-right-of-page-how-to-enable-horizontal-scroll-bar-of'),(70,'scroll','https://stackoverflow.com','','2017-09-07 07:52:49.991888','2017-09-07 07:52:49.994375',1,'2017-09-07 07:52:49.813000','https://stackoverflow.com/questions/8163056/wide-html-table-runs-off-right-of-page-how-to-enable-horizontal-scroll-bar-of'),(71,'scroll','https://stackoverflow.com','','2017-09-07 07:52:50.027204','2017-09-07 07:52:50.029670',1,'2017-09-07 07:52:49.846000','https://stackoverflow.com/questions/8163056/wide-html-table-runs-off-right-of-page-how-to-enable-horizontal-scroll-bar-of'),(72,'scroll','https://stackoverflow.com','','2017-09-07 07:53:01.609527','2017-09-07 07:53:01.612120',1,'2017-09-07 07:53:01.435000','https://stackoverflow.com/questions/8163056/wide-html-table-runs-off-right-of-page-how-to-enable-horizontal-scroll-bar-of'),(73,'scroll','https://stackoverflow.com','','2017-09-07 07:53:01.631672','2017-09-07 07:53:01.634414',1,'2017-09-07 07:53:01.452000','https://stackoverflow.com/questions/8163056/wide-html-table-runs-off-right-of-page-how-to-enable-horizontal-scroll-bar-of'),(74,'scroll','https://stackoverflow.com','','2017-09-07 07:53:01.646017','2017-09-07 07:53:01.648561',1,'2017-09-07 07:53:01.468000','https://stackoverflow.com/questions/8163056/wide-html-table-runs-off-right-of-page-how-to-enable-horizontal-scroll-bar-of'),(75,'scroll','https://stackoverflow.com','','2017-09-07 07:53:01.661669','2017-09-07 07:53:01.669428',1,'2017-09-07 07:53:01.486000','https://stackoverflow.com/questions/8163056/wide-html-table-runs-off-right-of-page-how-to-enable-horizontal-scroll-bar-of'),(76,'scroll','https://stackoverflow.com','','2017-09-07 07:53:01.680200','2017-09-07 07:53:01.683996',1,'2017-09-07 07:53:01.501000','https://stackoverflow.com/questions/8163056/wide-html-table-runs-off-right-of-page-how-to-enable-horizontal-scroll-bar-of'),(77,'scroll','https://stackoverflow.com','','2017-09-07 07:53:01.694976','2017-09-07 07:53:01.697664',1,'2017-09-07 07:53:01.520000','https://stackoverflow.com/questions/8163056/wide-html-table-runs-off-right-of-page-how-to-enable-horizontal-scroll-bar-of'),(78,'scroll','https://stackoverflow.com','','2017-09-07 07:53:01.716394','2017-09-07 07:53:01.718780',1,'2017-09-07 07:53:01.535000','https://stackoverflow.com/questions/8163056/wide-html-table-runs-off-right-of-page-how-to-enable-horizontal-scroll-bar-of'),(79,'scroll','https://stackoverflow.com','','2017-09-07 07:53:01.741103','2017-09-07 07:53:01.743845',1,'2017-09-07 07:53:01.553000','https://stackoverflow.com/questions/8163056/wide-html-table-runs-off-right-of-page-how-to-enable-horizontal-scroll-bar-of'),(80,'scroll','https://stackoverflow.com','','2017-09-07 07:53:01.748075','2017-09-07 07:53:01.750447',1,'2017-09-07 07:53:01.569000','https://stackoverflow.com/questions/8163056/wide-html-table-runs-off-right-of-page-how-to-enable-horizontal-scroll-bar-of'),(81,'scroll','https://stackoverflow.com','','2017-09-07 07:53:01.761728','2017-09-07 07:53:01.766644',1,'2017-09-07 07:53:01.586000','https://stackoverflow.com/questions/8163056/wide-html-table-runs-off-right-of-page-how-to-enable-horizontal-scroll-bar-of'),(82,'scroll','https://stackoverflow.com','','2017-09-07 07:53:01.779098','2017-09-07 07:53:01.781603',1,'2017-09-07 07:53:01.604000','https://stackoverflow.com/questions/8163056/wide-html-table-runs-off-right-of-page-how-to-enable-horizontal-scroll-bar-of'),(83,'scroll','https://stackoverflow.com','','2017-09-07 07:53:01.793909','2017-09-07 07:53:01.796446',1,'2017-09-07 07:53:01.619000','https://stackoverflow.com/questions/8163056/wide-html-table-runs-off-right-of-page-how-to-enable-horizontal-scroll-bar-of'),(84,'scroll','https://stackoverflow.com','','2017-09-07 07:53:01.811239','2017-09-07 07:53:01.813763',1,'2017-09-07 07:53:01.635000','https://stackoverflow.com/questions/8163056/wide-html-table-runs-off-right-of-page-how-to-enable-horizontal-scroll-bar-of'),(85,'scroll','https://stackoverflow.com','','2017-09-07 07:53:01.826917','2017-09-07 07:53:01.829438',1,'2017-09-07 07:53:01.652000','https://stackoverflow.com/questions/8163056/wide-html-table-runs-off-right-of-page-how-to-enable-horizontal-scroll-bar-of'),(86,'scroll','https://stackoverflow.com','','2017-09-07 07:53:01.848216','2017-09-07 07:53:01.850942',1,'2017-09-07 07:53:01.670000','https://stackoverflow.com/questions/8163056/wide-html-table-runs-off-right-of-page-how-to-enable-horizontal-scroll-bar-of'),(87,'scroll','https://stackoverflow.com','','2017-09-07 07:53:01.859588','2017-09-07 07:53:01.861930',1,'2017-09-07 07:53:01.685000','https://stackoverflow.com/questions/8163056/wide-html-table-runs-off-right-of-page-how-to-enable-horizontal-scroll-bar-of'),(88,'scroll','https://stackoverflow.com','','2017-09-07 07:53:01.875931','2017-09-07 07:53:01.881924',1,'2017-09-07 07:53:01.702000','https://stackoverflow.com/questions/8163056/wide-html-table-runs-off-right-of-page-how-to-enable-horizontal-scroll-bar-of'),(89,'scroll','https://stackoverflow.com','','2017-09-07 07:53:01.895952','2017-09-07 07:53:01.898582',1,'2017-09-07 07:53:01.720000','https://stackoverflow.com/questions/8163056/wide-html-table-runs-off-right-of-page-how-to-enable-horizontal-scroll-bar-of'),(90,'scroll','https://stackoverflow.com','','2017-09-07 07:53:01.910491','2017-09-07 07:53:01.912962',1,'2017-09-07 07:53:01.736000','https://stackoverflow.com/questions/8163056/wide-html-table-runs-off-right-of-page-how-to-enable-horizontal-scroll-bar-of'),(91,'scroll','','','2017-09-07 08:10:47.413981','2017-09-07 08:10:47.419281',1,'2017-09-07 08:10:47.222000','https://stackoverflow.com/questions/21632363/how-to-auto-adjust-table-td-width-from-the-content'),(92,'scroll','','','2017-09-07 08:10:47.452131','2017-09-07 08:10:47.456029',1,'2017-09-07 08:10:47.240000','https://stackoverflow.com/questions/21632363/how-to-auto-adjust-table-td-width-from-the-content'),(93,'scroll','','','2017-09-07 08:10:47.469462','2017-09-07 08:10:47.472041',1,'2017-09-07 08:10:47.255000','https://stackoverflow.com/questions/21632363/how-to-auto-adjust-table-td-width-from-the-content'),(94,'scroll','','','2017-09-07 08:10:47.475724','2017-09-07 08:10:47.476927',1,'2017-09-07 08:10:47.274000','https://stackoverflow.com/questions/21632363/how-to-auto-adjust-table-td-width-from-the-content'),(95,'scroll','','','2017-09-07 08:10:47.488104','2017-09-07 08:10:47.490618',1,'2017-09-07 08:10:47.288000','https://stackoverflow.com/questions/21632363/how-to-auto-adjust-table-td-width-from-the-content'),(96,'scroll','','','2017-09-07 08:10:47.500855','2017-09-07 08:10:47.503318',1,'2017-09-07 08:10:47.308000','https://stackoverflow.com/questions/21632363/how-to-auto-adjust-table-td-width-from-the-content'),(97,'scroll','','','2017-09-07 08:10:47.507224','2017-09-07 08:10:47.509678',1,'2017-09-07 08:10:47.323000','https://stackoverflow.com/questions/21632363/how-to-auto-adjust-table-td-width-from-the-content'),(98,'scroll','','','2017-09-07 08:10:47.520438','2017-09-07 08:10:47.525113',1,'2017-09-07 08:10:47.342000','https://stackoverflow.com/questions/21632363/how-to-auto-adjust-table-td-width-from-the-content'),(99,'scroll','','','2017-09-07 08:10:47.530383','2017-09-07 08:10:47.532849',1,'2017-09-07 08:10:47.356000','https://stackoverflow.com/questions/21632363/how-to-auto-adjust-table-td-width-from-the-content'),(100,'scroll','','','2017-09-07 08:10:47.578392','2017-09-07 08:10:47.581025',1,'2017-09-07 08:10:47.372000','https://stackoverflow.com/questions/21632363/how-to-auto-adjust-table-td-width-from-the-content'),(101,'scroll','','','2017-09-07 08:10:47.584967','2017-09-07 08:10:47.587318',1,'2017-09-07 08:10:47.390000','https://stackoverflow.com/questions/21632363/how-to-auto-adjust-table-td-width-from-the-content'),(102,'scroll','','','2017-09-07 08:10:47.590892','2017-09-07 08:10:47.593537',1,'2017-09-07 08:10:47.404000','https://stackoverflow.com/questions/21632363/how-to-auto-adjust-table-td-width-from-the-content'),(103,'scroll','','','2017-09-07 08:10:47.598767','2017-09-07 08:10:47.601041',1,'2017-09-07 08:10:47.425000','https://stackoverflow.com/questions/21632363/how-to-auto-adjust-table-td-width-from-the-content'),(104,'scroll','','','2017-09-07 08:10:47.613739','2017-09-07 08:10:47.616252',1,'2017-09-07 08:10:47.442000','https://stackoverflow.com/questions/21632363/how-to-auto-adjust-table-td-width-from-the-content'),(105,'scroll','','','2017-09-07 08:10:47.630235','2017-09-07 08:10:47.633117',1,'2017-09-07 08:10:47.458000','https://stackoverflow.com/questions/21632363/how-to-auto-adjust-table-td-width-from-the-content'),(106,'scroll','','','2017-09-07 08:10:47.657177','2017-09-07 08:10:47.659725',1,'2017-09-07 08:10:47.481000','https://stackoverflow.com/questions/21632363/how-to-auto-adjust-table-td-width-from-the-content'),(107,'scroll','','','2017-09-07 08:10:47.678103','2017-09-07 08:10:47.680574',1,'2017-09-07 08:10:47.496000','https://stackoverflow.com/questions/21632363/how-to-auto-adjust-table-td-width-from-the-content'),(108,'scroll','','','2017-09-07 08:10:47.697259','2017-09-07 08:10:47.699741',1,'2017-09-07 08:10:47.506000','https://stackoverflow.com/questions/21632363/how-to-auto-adjust-table-td-width-from-the-content'),(109,'scroll','','','2017-09-07 08:10:47.704796','2017-09-07 08:10:47.707002',1,'2017-09-07 08:10:47.525000','https://stackoverflow.com/questions/21632363/how-to-auto-adjust-table-td-width-from-the-content'),(110,'scroll','','','2017-09-07 08:10:47.716094','2017-09-07 08:10:47.718559',1,'2017-09-07 08:10:47.542000','https://stackoverflow.com/questions/21632363/how-to-auto-adjust-table-td-width-from-the-content'),(111,'scroll','','','2017-09-07 08:10:47.744405','2017-09-07 08:10:47.746911',1,'2017-09-07 08:10:47.569000','https://stackoverflow.com/questions/21632363/how-to-auto-adjust-table-td-width-from-the-content'),(112,'scroll','','','2017-09-07 08:10:47.757265','2017-09-07 08:10:47.759756',1,'2017-09-07 08:10:47.580000','https://stackoverflow.com/questions/21632363/how-to-auto-adjust-table-td-width-from-the-content'),(113,'scroll','','','2017-09-07 08:10:47.765653','2017-09-07 08:10:47.767954',1,'2017-09-07 08:10:47.591000','https://stackoverflow.com/questions/21632363/how-to-auto-adjust-table-td-width-from-the-content'),(114,'scroll','','','2017-09-07 08:10:48.109897','2017-09-07 08:10:48.112696',1,'2017-09-07 08:10:47.937000','https://stackoverflow.com/questions/21632363/how-to-auto-adjust-table-td-width-from-the-content'),(115,'scroll','','','2017-09-07 08:10:48.128101','2017-09-07 08:10:48.130601',1,'2017-09-07 08:10:47.954000','https://stackoverflow.com/questions/21632363/how-to-auto-adjust-table-td-width-from-the-content'),(116,'scroll','','','2017-09-07 08:10:48.143059','2017-09-07 08:10:48.145583',1,'2017-09-07 08:10:47.970000','https://stackoverflow.com/questions/21632363/how-to-auto-adjust-table-td-width-from-the-content'),(117,'scroll','','','2017-09-07 08:10:48.162084','2017-09-07 08:10:48.164695',1,'2017-09-07 08:10:47.989000','https://stackoverflow.com/questions/21632363/how-to-auto-adjust-table-td-width-from-the-content'),(118,'scroll','','','2017-09-07 08:10:48.178436','2017-09-07 08:10:48.185076',1,'2017-09-07 08:10:48.003000','https://stackoverflow.com/questions/21632363/how-to-auto-adjust-table-td-width-from-the-content'),(119,'scroll','','','2017-09-07 08:10:48.192418','2017-09-07 08:10:48.194817',1,'2017-09-07 08:10:48.020000','https://stackoverflow.com/questions/21632363/how-to-auto-adjust-table-td-width-from-the-content'),(120,'scroll','','','2017-09-07 08:10:48.218455','2017-09-07 08:10:48.220966',1,'2017-09-07 08:10:48.045000','https://stackoverflow.com/questions/21632363/how-to-auto-adjust-table-td-width-from-the-content'),(121,'scroll','','','2017-09-07 08:10:48.228055','2017-09-07 08:10:48.230556',1,'2017-09-07 08:10:48.054000','https://stackoverflow.com/questions/21632363/how-to-auto-adjust-table-td-width-from-the-content'),(122,'scroll','','','2017-09-07 08:10:48.268125','2017-09-07 08:10:48.270945',1,'2017-09-07 08:10:48.071000','https://stackoverflow.com/questions/21632363/how-to-auto-adjust-table-td-width-from-the-content'),(123,'scroll','','','2017-09-07 08:10:48.284692','2017-09-07 08:10:48.287236',1,'2017-09-07 08:10:48.088000','https://stackoverflow.com/questions/21632363/how-to-auto-adjust-table-td-width-from-the-content'),(124,'scroll','','','2017-09-07 08:10:48.292750','2017-09-07 08:10:48.295113',1,'2017-09-07 08:10:48.105000','https://stackoverflow.com/questions/21632363/how-to-auto-adjust-table-td-width-from-the-content'),(125,'scroll','','','2017-09-07 08:10:48.300522','2017-09-07 08:10:48.302915',1,'2017-09-07 08:10:48.127000','https://stackoverflow.com/questions/21632363/how-to-auto-adjust-table-td-width-from-the-content'),(126,'scroll','','','2017-09-07 08:10:48.311918','2017-09-07 08:10:48.314497',1,'2017-09-07 08:10:48.139000','https://stackoverflow.com/questions/21632363/how-to-auto-adjust-table-td-width-from-the-content'),(127,'scroll','','','2017-09-07 08:10:48.329728','2017-09-07 08:10:48.332213',1,'2017-09-07 08:10:48.154000','https://stackoverflow.com/questions/21632363/how-to-auto-adjust-table-td-width-from-the-content'),(128,'scroll','','','2017-09-07 08:10:48.344921','2017-09-07 08:10:48.351962',1,'2017-09-07 08:10:48.171000','https://stackoverflow.com/questions/21632363/how-to-auto-adjust-table-td-width-from-the-content'),(129,'scroll','','','2017-09-07 08:10:48.363302','2017-09-07 08:10:48.365737',1,'2017-09-07 08:10:48.188000','https://stackoverflow.com/questions/21632363/how-to-auto-adjust-table-td-width-from-the-content'),(130,'scroll','','','2017-09-07 08:10:48.379930','2017-09-07 08:10:48.382422',1,'2017-09-07 08:10:48.206000','https://stackoverflow.com/questions/21632363/how-to-auto-adjust-table-td-width-from-the-content'),(131,'scroll','','','2017-09-07 08:10:48.395546','2017-09-07 08:10:48.398180',1,'2017-09-07 08:10:48.222000','https://stackoverflow.com/questions/21632363/how-to-auto-adjust-table-td-width-from-the-content'),(132,'scroll','','','2017-09-07 08:10:48.476666','2017-09-07 08:10:48.484478',1,'2017-09-07 08:10:48.304000','https://stackoverflow.com/questions/21632363/how-to-auto-adjust-table-td-width-from-the-content'),(133,'scroll','','','2017-09-07 08:30:57.032771','2017-09-07 08:30:57.035337',3,'2017-09-07 08:30:57.165000','https://stackoverflow.com/questions/tagged/java?sort=frequent&pageSize=15'),(134,'scroll','','','2017-09-07 08:30:57.040474','2017-09-07 08:30:57.042921',3,'2017-09-07 08:30:57.181000','https://stackoverflow.com/questions/tagged/java?sort=frequent&pageSize=15'),(135,'scroll','','','2017-09-07 08:30:57.055830','2017-09-07 08:30:57.058695',3,'2017-09-07 08:30:57.198000','https://stackoverflow.com/questions/tagged/java?sort=frequent&pageSize=15'),(136,'scroll','','','2017-09-07 08:30:57.085228','2017-09-07 08:30:57.087712',3,'2017-09-07 08:30:57.214000','https://stackoverflow.com/questions/tagged/java?sort=frequent&pageSize=15'),(137,'scroll','','','2017-09-07 08:30:57.096575','2017-09-07 08:30:57.098969',3,'2017-09-07 08:30:57.231000','https://stackoverflow.com/questions/tagged/java?sort=frequent&pageSize=15'),(138,'scroll','','','2017-09-07 08:30:57.108353','2017-09-07 08:30:57.110916',3,'2017-09-07 08:30:57.248000','https://stackoverflow.com/questions/tagged/java?sort=frequent&pageSize=15'),(139,'scroll','','','2017-09-07 08:30:57.123837','2017-09-07 08:30:57.126163',3,'2017-09-07 08:30:57.264000','https://stackoverflow.com/questions/tagged/java?sort=frequent&pageSize=15'),(140,'scroll','','','2017-09-07 08:30:57.138610','2017-09-07 08:30:57.141129',3,'2017-09-07 08:30:57.280000','https://stackoverflow.com/questions/tagged/java?sort=frequent&pageSize=15'),(141,'scroll','','','2017-09-07 08:30:57.159841','2017-09-07 08:30:57.162418',3,'2017-09-07 08:30:57.297000','https://stackoverflow.com/questions/tagged/java?sort=frequent&pageSize=15'),(142,'scroll','','','2017-09-07 08:30:57.172152','2017-09-07 08:30:57.180818',3,'2017-09-07 08:30:57.314000','https://stackoverflow.com/questions/tagged/java?sort=frequent&pageSize=15'),(143,'scroll','','','2017-09-07 08:30:57.193215','2017-09-07 08:30:57.195645',3,'2017-09-07 08:30:57.333000','https://stackoverflow.com/questions/tagged/java?sort=frequent&pageSize=15'),(144,'scroll','','','2017-09-07 08:30:57.204715','2017-09-07 08:30:57.207223',3,'2017-09-07 08:30:57.347000','https://stackoverflow.com/questions/tagged/java?sort=frequent&pageSize=15'),(145,'scroll','','','2017-09-07 08:30:57.222430','2017-09-07 08:30:57.225224',3,'2017-09-07 08:30:57.364000','https://stackoverflow.com/questions/tagged/java?sort=frequent&pageSize=15'),(146,'scroll','','','2017-09-07 08:30:57.260196','2017-09-07 08:30:57.262623',3,'2017-09-07 08:30:57.405000','https://stackoverflow.com/questions/tagged/java?sort=frequent&pageSize=15'),(147,'scroll','','','2017-09-07 08:30:57.274860','2017-09-07 08:30:57.277401',3,'2017-09-07 08:30:57.415000','https://stackoverflow.com/questions/tagged/java?sort=frequent&pageSize=15'),(148,'scroll','','','2017-09-07 08:30:57.287918','2017-09-07 08:30:57.291989',3,'2017-09-07 08:30:57.432000','https://stackoverflow.com/questions/tagged/java?sort=frequent&pageSize=15'),(149,'scroll','','','2017-09-07 08:30:57.306383','2017-09-07 08:30:57.308756',3,'2017-09-07 08:30:57.448000','https://stackoverflow.com/questions/tagged/java?sort=frequent&pageSize=15'),(150,'scroll','','','2017-09-07 08:30:57.322099','2017-09-07 08:30:57.325423',3,'2017-09-07 08:30:57.464000','https://stackoverflow.com/questions/tagged/java?sort=frequent&pageSize=15'),(151,'scroll','','','2017-09-07 08:30:57.341723','2017-09-07 08:30:57.344295',3,'2017-09-07 08:30:57.481000','https://stackoverflow.com/questions/tagged/java?sort=frequent&pageSize=15'),(152,'scroll','','','2017-09-07 08:30:57.354600','2017-09-07 08:30:57.357146',3,'2017-09-07 08:30:57.497000','https://stackoverflow.com/questions/tagged/java?sort=frequent&pageSize=15'),(153,'scroll','','','2017-09-07 08:30:57.373280','2017-09-07 08:30:57.375938',3,'2017-09-07 08:30:57.515000','https://stackoverflow.com/questions/tagged/java?sort=frequent&pageSize=15'),(154,'scroll','','','2017-09-07 08:30:57.940288','2017-09-07 08:30:57.942824',3,'2017-09-07 08:30:58.081000','https://stackoverflow.com/questions/tagged/java?sort=frequent&pageSize=15'),(155,'scroll','','','2017-09-07 08:30:57.953972','2017-09-07 08:30:57.956513',3,'2017-09-07 08:30:58.097000','https://stackoverflow.com/questions/tagged/java?sort=frequent&pageSize=15'),(156,'scroll','','','2017-09-07 08:30:57.968138','2017-09-07 08:30:57.970804',3,'2017-09-07 08:30:58.113000','https://stackoverflow.com/questions/tagged/java?sort=frequent&pageSize=15'),(157,'scroll','','','2017-09-07 08:30:57.988432','2017-09-07 08:30:57.991216',3,'2017-09-07 08:30:58.130000','https://stackoverflow.com/questions/tagged/java?sort=frequent&pageSize=15'),(158,'scroll','','','2017-09-07 08:30:58.003171','2017-09-07 08:30:58.005923',3,'2017-09-07 08:30:58.146000','https://stackoverflow.com/questions/tagged/java?sort=frequent&pageSize=15'),(159,'scroll','','','2017-09-07 08:30:58.020352','2017-09-07 08:30:58.022781',3,'2017-09-07 08:30:58.163000','https://stackoverflow.com/questions/tagged/java?sort=frequent&pageSize=15'),(160,'scroll','','','2017-09-07 08:30:58.037510','2017-09-07 08:30:58.040066',3,'2017-09-07 08:30:58.180000','https://stackoverflow.com/questions/tagged/java?sort=frequent&pageSize=15'),(161,'scroll','','','2017-09-07 08:30:58.053797','2017-09-07 08:30:58.056597',3,'2017-09-07 08:30:58.196000','https://stackoverflow.com/questions/tagged/java?sort=frequent&pageSize=15'),(162,'scroll','','','2017-09-07 08:30:58.073753','2017-09-07 08:30:58.076454',3,'2017-09-07 08:30:58.214000','https://stackoverflow.com/questions/tagged/java?sort=frequent&pageSize=15'),(163,'scroll','','','2017-09-07 08:30:58.089581','2017-09-07 08:30:58.092099',3,'2017-09-07 08:30:58.229000','https://stackoverflow.com/questions/tagged/java?sort=frequent&pageSize=15'),(164,'scroll','','','2017-09-07 08:30:58.106176','2017-09-07 08:30:58.108553',3,'2017-09-07 08:30:58.246000','https://stackoverflow.com/questions/tagged/java?sort=frequent&pageSize=15'),(165,'scroll','','','2017-09-07 08:30:58.127716','2017-09-07 08:30:58.131121',3,'2017-09-07 08:30:58.262000','https://stackoverflow.com/questions/tagged/java?sort=frequent&pageSize=15'),(166,'scroll','','','2017-09-07 08:30:58.137014','2017-09-07 08:30:58.142670',3,'2017-09-07 08:30:58.280000','https://stackoverflow.com/questions/tagged/java?sort=frequent&pageSize=15'),(167,'scroll','','','2017-09-07 08:30:58.156752','2017-09-07 08:30:58.164368',3,'2017-09-07 08:30:58.297000','https://stackoverflow.com/questions/tagged/java?sort=frequent&pageSize=15'),(168,'scroll','','','2017-09-07 08:30:58.171276','2017-09-07 08:30:58.173789',3,'2017-09-07 08:30:58.313000','https://stackoverflow.com/questions/tagged/java?sort=frequent&pageSize=15'),(169,'scroll','','','2017-09-07 08:30:58.192224','2017-09-07 08:30:58.194674',3,'2017-09-07 08:30:58.330000','https://stackoverflow.com/questions/tagged/java?sort=frequent&pageSize=15'),(170,'scroll','','','2017-09-07 08:30:58.203086','2017-09-07 08:30:58.205511',3,'2017-09-07 08:30:58.346000','https://stackoverflow.com/questions/tagged/java?sort=frequent&pageSize=15'),(171,'scroll','','','2017-09-07 08:31:33.226420','2017-09-07 08:31:33.229780',3,'2017-09-07 08:31:33.182000','https://stackoverflow.com/questions/4326845/how-can-i-determine-the-direction-of-a-jquery-scroll-event'),(172,'scroll','','','2017-09-07 08:31:33.231897','2017-09-07 08:31:33.234984',3,'2017-09-07 08:31:33.202000','https://stackoverflow.com/questions/4326845/how-can-i-determine-the-direction-of-a-jquery-scroll-event'),(173,'scroll','','','2017-09-07 08:31:33.239821','2017-09-07 08:31:33.242670',3,'2017-09-07 08:31:33.214000','https://stackoverflow.com/questions/4326845/how-can-i-determine-the-direction-of-a-jquery-scroll-event'),(174,'scroll','','','2017-09-07 08:31:33.241992','2017-09-07 08:31:33.243779',3,'2017-09-07 08:31:33.244000','https://stackoverflow.com/questions/4326845/how-can-i-determine-the-direction-of-a-jquery-scroll-event'),(175,'scroll','','','2017-09-07 08:31:33.274853','2017-09-07 08:31:33.277284',3,'2017-09-07 08:31:33.264000','https://stackoverflow.com/questions/4326845/how-can-i-determine-the-direction-of-a-jquery-scroll-event'),(176,'scroll','','','2017-09-07 08:31:33.282409','2017-09-07 08:31:33.285011',3,'2017-09-07 08:31:33.281000','https://stackoverflow.com/questions/4326845/how-can-i-determine-the-direction-of-a-jquery-scroll-event'),(177,'scroll','','','2017-09-07 08:31:33.286095','2017-09-07 08:31:33.290702',3,'2017-09-07 08:31:33.298000','https://stackoverflow.com/questions/4326845/how-can-i-determine-the-direction-of-a-jquery-scroll-event'),(178,'scroll','','','2017-09-07 08:31:33.293512','2017-09-07 08:31:33.297580',3,'2017-09-07 08:31:33.315000','https://stackoverflow.com/questions/4326845/how-can-i-determine-the-direction-of-a-jquery-scroll-event'),(179,'scroll','','','2017-09-07 08:31:33.300963','2017-09-07 08:31:33.303510',3,'2017-09-07 08:31:33.330000','https://stackoverflow.com/questions/4326845/how-can-i-determine-the-direction-of-a-jquery-scroll-event'),(180,'scroll','','','2017-09-07 08:31:33.304607','2017-09-07 08:31:33.306975',3,'2017-09-07 08:31:33.347000','https://stackoverflow.com/questions/4326845/how-can-i-determine-the-direction-of-a-jquery-scroll-event'),(181,'scroll','','','2017-09-07 08:31:33.327198','2017-09-07 08:31:33.334767',3,'2017-09-07 08:31:33.363000','https://stackoverflow.com/questions/4326845/how-can-i-determine-the-direction-of-a-jquery-scroll-event'),(182,'scroll','','','2017-09-07 08:31:33.336928','2017-09-07 08:31:33.339867',3,'2017-09-07 08:31:33.380000','https://stackoverflow.com/questions/4326845/how-can-i-determine-the-direction-of-a-jquery-scroll-event'),(183,'scroll','','','2017-09-07 08:31:33.344076','2017-09-07 08:31:33.346348',3,'2017-09-07 08:31:33.397000','https://stackoverflow.com/questions/4326845/how-can-i-determine-the-direction-of-a-jquery-scroll-event'),(184,'scroll','','','2017-09-07 08:31:33.349908','2017-09-07 08:31:33.352398',3,'2017-09-07 08:31:33.415000','https://stackoverflow.com/questions/4326845/how-can-i-determine-the-direction-of-a-jquery-scroll-event'),(185,'scroll','','','2017-09-07 08:31:33.357687','2017-09-07 08:31:33.360244',3,'2017-09-07 08:31:33.433000','https://stackoverflow.com/questions/4326845/how-can-i-determine-the-direction-of-a-jquery-scroll-event'),(186,'scroll','','','2017-09-07 08:31:33.361264','2017-09-07 08:31:33.363894',3,'2017-09-07 08:31:33.447000','https://stackoverflow.com/questions/4326845/how-can-i-determine-the-direction-of-a-jquery-scroll-event'),(187,'scroll','','','2017-09-07 08:31:33.384760','2017-09-07 08:31:33.387260',3,'2017-09-07 08:31:33.464000','https://stackoverflow.com/questions/4326845/how-can-i-determine-the-direction-of-a-jquery-scroll-event'),(188,'scroll','','','2017-09-07 08:31:33.391518','2017-09-07 08:31:33.393914',3,'2017-09-07 08:31:33.501000','https://stackoverflow.com/questions/4326845/how-can-i-determine-the-direction-of-a-jquery-scroll-event'),(189,'scroll','','','2017-09-07 08:31:33.397541','2017-09-07 08:31:33.400068',3,'2017-09-07 08:31:33.513000','https://stackoverflow.com/questions/4326845/how-can-i-determine-the-direction-of-a-jquery-scroll-event'),(190,'scroll','','','2017-09-07 08:31:33.403591','2017-09-07 08:31:33.404708',3,'2017-09-07 08:31:33.531000','https://stackoverflow.com/questions/4326845/how-can-i-determine-the-direction-of-a-jquery-scroll-event'),(191,'scroll','','','2017-09-07 08:31:33.452344','2017-09-07 08:31:33.456430',3,'2017-09-07 08:31:33.547000','https://stackoverflow.com/questions/4326845/how-can-i-determine-the-direction-of-a-jquery-scroll-event'),(192,'scroll','','','2017-09-07 08:31:56.827384','2017-09-07 08:31:56.829941',3,'2017-09-07 08:31:56.675000','https://stackoverflow.com/questions/4326845/how-can-i-determine-the-direction-of-a-jquery-scroll-event'),(193,'scroll','','','2017-09-07 08:31:56.839293','2017-09-07 08:31:56.841740',3,'2017-09-07 08:31:56.691000','https://stackoverflow.com/questions/4326845/how-can-i-determine-the-direction-of-a-jquery-scroll-event'),(194,'scroll','','','2017-09-07 08:31:56.847299','2017-09-07 08:31:56.849613',3,'2017-09-07 08:31:56.709000','https://stackoverflow.com/questions/4326845/how-can-i-determine-the-direction-of-a-jquery-scroll-event'),(195,'scroll','','','2017-09-07 08:31:56.852331','2017-09-07 08:31:56.855902',3,'2017-09-07 08:31:56.726000','https://stackoverflow.com/questions/4326845/how-can-i-determine-the-direction-of-a-jquery-scroll-event'),(196,'scroll','','','2017-09-07 08:31:56.858635','2017-09-07 08:31:56.861144',3,'2017-09-07 08:31:56.742000','https://stackoverflow.com/questions/4326845/how-can-i-determine-the-direction-of-a-jquery-scroll-event'),(197,'scroll','','','2017-09-07 08:31:56.863062','2017-09-07 08:31:56.864968',3,'2017-09-07 08:31:56.759000','https://stackoverflow.com/questions/4326845/how-can-i-determine-the-direction-of-a-jquery-scroll-event'),(198,'scroll','','','2017-09-07 08:31:56.879948','2017-09-07 08:31:56.882279',3,'2017-09-07 08:31:56.776000','https://stackoverflow.com/questions/4326845/how-can-i-determine-the-direction-of-a-jquery-scroll-event'),(199,'scroll','','','2017-09-07 08:31:56.890902','2017-09-07 08:31:56.896411',3,'2017-09-07 08:31:56.792000','https://stackoverflow.com/questions/4326845/how-can-i-determine-the-direction-of-a-jquery-scroll-event'),(200,'scroll','','','2017-09-07 08:31:56.901358','2017-09-07 08:31:56.903855',3,'2017-09-07 08:31:56.814000','https://stackoverflow.com/questions/4326845/how-can-i-determine-the-direction-of-a-jquery-scroll-event'),(201,'scroll','','','2017-09-07 08:31:56.908064','2017-09-07 08:31:56.910413',3,'2017-09-07 08:31:56.838000','https://stackoverflow.com/questions/4326845/how-can-i-determine-the-direction-of-a-jquery-scroll-event'),(202,'scroll','','','2017-09-07 08:31:56.914240','2017-09-07 08:31:56.916552',3,'2017-09-07 08:31:56.844000','https://stackoverflow.com/questions/4326845/how-can-i-determine-the-direction-of-a-jquery-scroll-event'),(203,'scroll','','','2017-09-07 08:31:56.920148','2017-09-07 08:31:56.923030',3,'2017-09-07 08:31:56.860000','https://stackoverflow.com/questions/4326845/how-can-i-determine-the-direction-of-a-jquery-scroll-event'),(204,'scroll','','','2017-09-07 08:31:56.931136','2017-09-07 08:31:56.933755',3,'2017-09-07 08:31:56.875000','https://stackoverflow.com/questions/4326845/how-can-i-determine-the-direction-of-a-jquery-scroll-event'),(205,'scroll','','','2017-09-07 08:31:56.945189','2017-09-07 08:31:56.947755',3,'2017-09-07 08:31:56.892000','https://stackoverflow.com/questions/4326845/how-can-i-determine-the-direction-of-a-jquery-scroll-event'),(206,'scroll','','','2017-09-07 08:31:56.953165','2017-09-07 08:31:56.955582',3,'2017-09-07 08:31:56.909000','https://stackoverflow.com/questions/4326845/how-can-i-determine-the-direction-of-a-jquery-scroll-event'),(207,'scroll','','','2017-09-07 08:31:56.959801','2017-09-07 08:31:56.961023',3,'2017-09-07 08:31:56.925000','https://stackoverflow.com/questions/4326845/how-can-i-determine-the-direction-of-a-jquery-scroll-event'),(208,'scroll','','','2017-09-07 08:31:56.966151','2017-09-07 08:31:56.968570',3,'2017-09-07 08:31:56.944000','https://stackoverflow.com/questions/4326845/how-can-i-determine-the-direction-of-a-jquery-scroll-event'),(209,'scroll','','','2017-09-07 08:31:56.974340','2017-09-07 08:31:56.976882',3,'2017-09-07 08:31:56.959000','https://stackoverflow.com/questions/4326845/how-can-i-determine-the-direction-of-a-jquery-scroll-event'),(210,'scroll','','','2017-09-07 08:31:58.880095','2017-09-07 08:31:58.882889',3,'2017-09-07 08:31:59.023000','https://stackoverflow.com/questions/4326845/how-can-i-determine-the-direction-of-a-jquery-scroll-event'),(211,'scroll','','','2017-09-07 08:31:58.897023','2017-09-07 08:31:58.899468',3,'2017-09-07 08:31:59.040000','https://stackoverflow.com/questions/4326845/how-can-i-determine-the-direction-of-a-jquery-scroll-event'),(212,'scroll','','','2017-09-07 08:31:58.912062','2017-09-07 08:31:58.920722',3,'2017-09-07 08:31:59.056000','https://stackoverflow.com/questions/4326845/how-can-i-determine-the-direction-of-a-jquery-scroll-event'),(213,'scroll','','','2017-09-07 08:31:58.929787','2017-09-07 08:31:58.932391',3,'2017-09-07 08:31:59.073000','https://stackoverflow.com/questions/4326845/how-can-i-determine-the-direction-of-a-jquery-scroll-event'),(214,'scroll','','','2017-09-07 08:31:58.949384','2017-09-07 08:31:58.954452',3,'2017-09-07 08:31:59.090000','https://stackoverflow.com/questions/4326845/how-can-i-determine-the-direction-of-a-jquery-scroll-event'),(215,'scroll','','','2017-09-07 08:31:58.963551','2017-09-07 08:31:58.965932',3,'2017-09-07 08:31:59.107000','https://stackoverflow.com/questions/4326845/how-can-i-determine-the-direction-of-a-jquery-scroll-event'),(216,'scroll','','','2017-09-07 08:31:58.981418','2017-09-07 08:31:58.983903',3,'2017-09-07 08:31:59.124000','https://stackoverflow.com/questions/4326845/how-can-i-determine-the-direction-of-a-jquery-scroll-event'),(217,'scroll','','','2017-09-07 08:31:58.999992','2017-09-07 08:31:59.002457',3,'2017-09-07 08:31:59.142000','https://stackoverflow.com/questions/4326845/how-can-i-determine-the-direction-of-a-jquery-scroll-event'),(218,'scroll','','','2017-09-07 08:31:59.016279','2017-09-07 08:31:59.028489',3,'2017-09-07 08:31:59.159000','https://stackoverflow.com/questions/4326845/how-can-i-determine-the-direction-of-a-jquery-scroll-event'),(219,'scroll','','','2017-09-07 08:31:59.034003','2017-09-07 08:31:59.036386',3,'2017-09-07 08:31:59.173000','https://stackoverflow.com/questions/4326845/how-can-i-determine-the-direction-of-a-jquery-scroll-event'),(220,'scroll','','','2017-09-07 08:32:53.093191','2017-09-07 08:32:53.095645',3,'2017-09-07 08:32:53.023000','https://stackoverflow.com/questions/9144560/jquery-scroll-detect-when-user-stops-scrolling'),(221,'scroll','','','2017-09-07 08:32:53.101459','2017-09-07 08:32:53.104219',3,'2017-09-07 08:32:53.042000','https://stackoverflow.com/questions/9144560/jquery-scroll-detect-when-user-stops-scrolling'),(222,'scroll','','','2017-09-07 08:32:53.103498','2017-09-07 08:32:53.108255',3,'2017-09-07 08:32:53.056000','https://stackoverflow.com/questions/9144560/jquery-scroll-detect-when-user-stops-scrolling'),(223,'scroll','','','2017-09-07 08:32:53.113474','2017-09-07 08:32:53.116361',3,'2017-09-07 08:32:53.075000','https://stackoverflow.com/questions/9144560/jquery-scroll-detect-when-user-stops-scrolling'),(224,'scroll','','','2017-09-07 08:32:53.118081','2017-09-07 08:32:53.120063',3,'2017-09-07 08:32:53.089000','https://stackoverflow.com/questions/9144560/jquery-scroll-detect-when-user-stops-scrolling'),(225,'scroll','','','2017-09-07 08:32:53.121707','2017-09-07 08:32:53.124479',3,'2017-09-07 08:32:53.108000','https://stackoverflow.com/questions/9144560/jquery-scroll-detect-when-user-stops-scrolling'),(226,'scroll','','','2017-09-07 08:32:53.146854','2017-09-07 08:32:53.149458',3,'2017-09-07 08:32:53.124000','https://stackoverflow.com/questions/9144560/jquery-scroll-detect-when-user-stops-scrolling'),(227,'scroll','','','2017-09-07 08:32:53.154905','2017-09-07 08:32:53.157206',3,'2017-09-07 08:32:53.140000','https://stackoverflow.com/questions/9144560/jquery-scroll-detect-when-user-stops-scrolling'),(228,'scroll','','','2017-09-07 08:32:53.161017','2017-09-07 08:32:53.163284',3,'2017-09-07 08:32:53.156000','https://stackoverflow.com/questions/9144560/jquery-scroll-detect-when-user-stops-scrolling'),(229,'scroll','','','2017-09-07 08:32:53.167389','2017-09-07 08:32:53.169976',3,'2017-09-07 08:32:53.175000','https://stackoverflow.com/questions/9144560/jquery-scroll-detect-when-user-stops-scrolling'),(230,'scroll','','','2017-09-07 08:32:53.175907','2017-09-07 08:32:53.178400',3,'2017-09-07 08:32:53.189000','https://stackoverflow.com/questions/9144560/jquery-scroll-detect-when-user-stops-scrolling'),(231,'scroll','','','2017-09-07 08:32:53.179389','2017-09-07 08:32:53.180766',3,'2017-09-07 08:32:53.206000','https://stackoverflow.com/questions/9144560/jquery-scroll-detect-when-user-stops-scrolling'),(232,'scroll','','','2017-09-07 08:32:53.233781','2017-09-07 08:32:53.236679',3,'2017-09-07 08:32:53.222000','https://stackoverflow.com/questions/9144560/jquery-scroll-detect-when-user-stops-scrolling'),(233,'scroll','','','2017-09-07 08:32:53.239153','2017-09-07 08:32:53.242400',3,'2017-09-07 08:32:53.240000','https://stackoverflow.com/questions/9144560/jquery-scroll-detect-when-user-stops-scrolling'),(234,'scroll','','','2017-09-07 08:32:53.245904','2017-09-07 08:32:53.255477',3,'2017-09-07 08:32:53.256000','https://stackoverflow.com/questions/9144560/jquery-scroll-detect-when-user-stops-scrolling'),(235,'scroll','','','2017-09-07 08:32:53.248352','2017-09-07 08:32:53.257345',3,'2017-09-07 08:32:53.272000','https://stackoverflow.com/questions/9144560/jquery-scroll-detect-when-user-stops-scrolling'),(236,'scroll','','','2017-09-07 08:33:12.921037','2017-09-07 08:33:12.923623',3,'2017-09-07 08:33:12.904000','https://stackoverflow.com/questions/9144560/jquery-scroll-detect-when-user-stops-scrolling'),(237,'scroll','','','2017-09-07 08:33:12.926497','2017-09-07 08:33:12.929960',3,'2017-09-07 08:33:12.920000','https://stackoverflow.com/questions/9144560/jquery-scroll-detect-when-user-stops-scrolling'),(238,'scroll','','','2017-09-07 08:33:12.932707','2017-09-07 08:33:12.936480',3,'2017-09-07 08:33:12.938000','https://stackoverflow.com/questions/9144560/jquery-scroll-detect-when-user-stops-scrolling'),(239,'scroll','','','2017-09-07 08:33:12.938554','2017-09-07 08:33:12.944389',3,'2017-09-07 08:33:12.971000','https://stackoverflow.com/questions/9144560/jquery-scroll-detect-when-user-stops-scrolling'),(240,'scroll','','','2017-09-07 08:33:12.947088','2017-09-07 08:33:12.955897',3,'2017-09-07 08:33:12.989000','https://stackoverflow.com/questions/9144560/jquery-scroll-detect-when-user-stops-scrolling'),(241,'scroll','','','2017-09-07 08:33:12.949670','2017-09-07 08:33:12.957161',3,'2017-09-07 08:33:13.005000','https://stackoverflow.com/questions/9144560/jquery-scroll-detect-when-user-stops-scrolling'),(242,'scroll','','','2017-09-07 08:33:12.973625','2017-09-07 08:33:12.976179',3,'2017-09-07 08:33:13.021000','https://stackoverflow.com/questions/9144560/jquery-scroll-detect-when-user-stops-scrolling'),(243,'scroll','','','2017-09-07 08:33:12.981473','2017-09-07 08:33:12.983925',3,'2017-09-07 08:33:13.039000','https://stackoverflow.com/questions/9144560/jquery-scroll-detect-when-user-stops-scrolling'),(244,'scroll','','','2017-09-07 08:33:12.989107','2017-09-07 08:33:12.991413',3,'2017-09-07 08:33:13.055000','https://stackoverflow.com/questions/9144560/jquery-scroll-detect-when-user-stops-scrolling'),(245,'scroll','','','2017-09-07 08:33:12.999985','2017-09-07 08:33:13.002338',3,'2017-09-07 08:33:13.071000','https://stackoverflow.com/questions/9144560/jquery-scroll-detect-when-user-stops-scrolling'),(246,'scroll','','','2017-09-07 08:33:13.007681','2017-09-07 08:33:13.010179',3,'2017-09-07 08:33:13.088000','https://stackoverflow.com/questions/9144560/jquery-scroll-detect-when-user-stops-scrolling'),(247,'scroll','','','2017-09-07 08:33:13.013747','2017-09-07 08:33:13.016109',3,'2017-09-07 08:33:13.104000','https://stackoverflow.com/questions/9144560/jquery-scroll-detect-when-user-stops-scrolling'),(248,'scroll','','','2017-09-07 08:33:13.025368','2017-09-07 08:33:13.027669',3,'2017-09-07 08:33:13.122000','https://stackoverflow.com/questions/9144560/jquery-scroll-detect-when-user-stops-scrolling'),(249,'scroll','','','2017-09-07 08:33:13.032964','2017-09-07 08:33:13.035374',3,'2017-09-07 08:33:13.137000','https://stackoverflow.com/questions/9144560/jquery-scroll-detect-when-user-stops-scrolling'),(250,'scroll','','','2017-09-07 08:33:13.041047','2017-09-07 08:33:13.043722',3,'2017-09-07 08:33:13.155000','https://stackoverflow.com/questions/9144560/jquery-scroll-detect-when-user-stops-scrolling'),(251,'scroll','','','2017-09-07 08:33:13.051055','2017-09-07 08:33:13.059901',3,'2017-09-07 08:33:13.171000','https://stackoverflow.com/questions/9144560/jquery-scroll-detect-when-user-stops-scrolling'),(252,'scroll','','','2017-09-07 08:33:13.059109','2017-09-07 08:33:13.061919',3,'2017-09-07 08:33:13.187000','https://stackoverflow.com/questions/9144560/jquery-scroll-detect-when-user-stops-scrolling'),(253,'scroll','','','2017-09-07 08:33:13.067007','2017-09-07 08:33:13.068911',3,'2017-09-07 08:33:13.204000','https://stackoverflow.com/questions/9144560/jquery-scroll-detect-when-user-stops-scrolling'),(254,'scroll','','','2017-09-07 08:33:13.078176','2017-09-07 08:33:13.080530',3,'2017-09-07 08:33:13.221000','https://stackoverflow.com/questions/9144560/jquery-scroll-detect-when-user-stops-scrolling'),(255,'scroll','','','2017-09-07 08:33:18.297752','2017-09-07 08:33:18.300426',3,'2017-09-07 08:33:18.433000','https://stackoverflow.com/questions/9144560/jquery-scroll-detect-when-user-stops-scrolling'),(256,'scroll','','','2017-09-07 08:33:18.305833','2017-09-07 08:33:18.308146',3,'2017-09-07 08:33:18.448000','https://stackoverflow.com/questions/9144560/jquery-scroll-detect-when-user-stops-scrolling'),(257,'scroll','','','2017-09-07 08:33:18.321359','2017-09-07 08:33:18.323876',3,'2017-09-07 08:33:18.465000','https://stackoverflow.com/questions/9144560/jquery-scroll-detect-when-user-stops-scrolling'),(258,'scroll','','','2017-09-07 08:33:18.337420','2017-09-07 08:33:18.340077',3,'2017-09-07 08:33:18.482000','https://stackoverflow.com/questions/9144560/jquery-scroll-detect-when-user-stops-scrolling'),(259,'scroll','','','2017-09-07 08:33:18.355321','2017-09-07 08:33:18.357903',3,'2017-09-07 08:33:18.500000','https://stackoverflow.com/questions/9144560/jquery-scroll-detect-when-user-stops-scrolling'),(260,'scroll','','','2017-09-07 08:33:18.372494','2017-09-07 08:33:18.374941',3,'2017-09-07 08:33:18.516000','https://stackoverflow.com/questions/9144560/jquery-scroll-detect-when-user-stops-scrolling'),(261,'scroll','','','2017-09-07 08:33:18.390334','2017-09-07 08:33:18.393020',3,'2017-09-07 08:33:18.533000','https://stackoverflow.com/questions/9144560/jquery-scroll-detect-when-user-stops-scrolling'),(262,'scroll','','','2017-09-07 08:33:18.404277','2017-09-07 08:33:18.406924',3,'2017-09-07 08:33:18.549000','https://stackoverflow.com/questions/9144560/jquery-scroll-detect-when-user-stops-scrolling'),(263,'scroll','','','2017-09-07 08:33:18.426203','2017-09-07 08:33:18.428850',3,'2017-09-07 08:33:18.566000','https://stackoverflow.com/questions/9144560/jquery-scroll-detect-when-user-stops-scrolling'),(264,'scroll','','','2017-09-07 08:33:18.439282','2017-09-07 08:33:18.441782',3,'2017-09-07 08:33:18.582000','https://stackoverflow.com/questions/9144560/jquery-scroll-detect-when-user-stops-scrolling'),(265,'scroll','','','2017-09-07 08:33:18.458038','2017-09-07 08:33:18.460479',3,'2017-09-07 08:33:18.599000','https://stackoverflow.com/questions/9144560/jquery-scroll-detect-when-user-stops-scrolling'),(266,'scroll','','','2017-09-07 08:33:18.473466','2017-09-07 08:33:18.475922',3,'2017-09-07 08:33:18.617000','https://stackoverflow.com/questions/9144560/jquery-scroll-detect-when-user-stops-scrolling'),(267,'scroll','','','2017-09-07 08:33:18.491337','2017-09-07 08:33:18.493812',3,'2017-09-07 08:33:18.634000','https://stackoverflow.com/questions/9144560/jquery-scroll-detect-when-user-stops-scrolling'),(268,'scroll','','','2017-09-07 08:33:18.507338','2017-09-07 08:33:18.510273',3,'2017-09-07 08:33:18.650000','https://stackoverflow.com/questions/9144560/jquery-scroll-detect-when-user-stops-scrolling'),(269,'scroll','','','2017-09-07 08:33:18.522190','2017-09-07 08:33:18.524592',3,'2017-09-07 08:33:18.666000','https://stackoverflow.com/questions/9144560/jquery-scroll-detect-when-user-stops-scrolling'),(270,'scroll','','','2017-09-07 08:33:18.539654','2017-09-07 08:33:18.542451',3,'2017-09-07 08:33:18.682000','https://stackoverflow.com/questions/9144560/jquery-scroll-detect-when-user-stops-scrolling'),(271,'scroll','','','2017-09-07 08:33:18.554608','2017-09-07 08:33:18.557219',3,'2017-09-07 08:33:18.700000','https://stackoverflow.com/questions/9144560/jquery-scroll-detect-when-user-stops-scrolling'),(272,'scroll','','','2017-09-07 08:33:18.574039','2017-09-07 08:33:18.576447',3,'2017-09-07 08:33:18.716000','https://stackoverflow.com/questions/9144560/jquery-scroll-detect-when-user-stops-scrolling'),(273,'scroll','','','2017-09-07 08:33:18.590535','2017-09-07 08:33:18.596222',3,'2017-09-07 08:33:18.734000','https://stackoverflow.com/questions/9144560/jquery-scroll-detect-when-user-stops-scrolling'),(274,'scroll','','','2017-09-07 08:33:18.625684','2017-09-07 08:33:18.628613',3,'2017-09-07 08:33:18.765000','https://stackoverflow.com/questions/9144560/jquery-scroll-detect-when-user-stops-scrolling'),(275,'scroll','','','2017-09-07 08:33:29.644872','2017-09-07 08:33:29.647457',3,'2017-09-07 08:33:29.788000','https://stackoverflow.com/questions/9144560/jquery-scroll-detect-when-user-stops-scrolling'),(276,'scroll','','','2017-09-07 08:33:29.661554','2017-09-07 08:33:29.664118',3,'2017-09-07 08:33:29.805000','https://stackoverflow.com/questions/9144560/jquery-scroll-detect-when-user-stops-scrolling'),(277,'scroll','','','2017-09-07 08:33:29.677016','2017-09-07 08:33:29.679552',3,'2017-09-07 08:33:29.822000','https://stackoverflow.com/questions/9144560/jquery-scroll-detect-when-user-stops-scrolling'),(278,'scroll','','','2017-09-07 08:33:29.694695','2017-09-07 08:33:29.697362',3,'2017-09-07 08:33:29.839000','https://stackoverflow.com/questions/9144560/jquery-scroll-detect-when-user-stops-scrolling'),(279,'scroll','','','2017-09-07 08:33:29.713795','2017-09-07 08:33:29.716404',3,'2017-09-07 08:33:29.856000','https://stackoverflow.com/questions/9144560/jquery-scroll-detect-when-user-stops-scrolling'),(280,'scroll','','','2017-09-07 08:33:29.730682','2017-09-07 08:33:29.733242',3,'2017-09-07 08:33:29.873000','https://stackoverflow.com/questions/9144560/jquery-scroll-detect-when-user-stops-scrolling'),(281,'scroll','','','2017-09-07 08:33:29.748827','2017-09-07 08:33:29.751331',3,'2017-09-07 08:33:29.889000','https://stackoverflow.com/questions/9144560/jquery-scroll-detect-when-user-stops-scrolling'),(282,'scroll','','','2017-09-07 08:33:29.763888','2017-09-07 08:33:29.766462',3,'2017-09-07 08:33:29.905000','https://stackoverflow.com/questions/9144560/jquery-scroll-detect-when-user-stops-scrolling'),(283,'scroll','','','2017-09-07 08:33:29.778228','2017-09-07 08:33:29.783538',3,'2017-09-07 08:33:29.923000','https://stackoverflow.com/questions/9144560/jquery-scroll-detect-when-user-stops-scrolling'),(284,'scroll','','','2017-09-07 08:33:29.797012','2017-09-07 08:33:29.799528',3,'2017-09-07 08:33:29.940000','https://stackoverflow.com/questions/9144560/jquery-scroll-detect-when-user-stops-scrolling'),(285,'scroll','','','2017-09-07 08:33:29.812005','2017-09-07 08:33:29.814578',3,'2017-09-07 08:33:29.956000','https://stackoverflow.com/questions/9144560/jquery-scroll-detect-when-user-stops-scrolling'),(286,'scroll','','','2017-09-07 08:33:29.829121','2017-09-07 08:33:29.831619',3,'2017-09-07 08:33:29.972000','https://stackoverflow.com/questions/9144560/jquery-scroll-detect-when-user-stops-scrolling'),(287,'scroll','','','2017-09-07 08:33:29.844029','2017-09-07 08:33:29.846485',3,'2017-09-07 08:33:29.989000','https://stackoverflow.com/questions/9144560/jquery-scroll-detect-when-user-stops-scrolling'),(288,'scroll','','','2017-09-07 08:33:29.868969','2017-09-07 08:33:29.871585',3,'2017-09-07 08:33:30.006000','https://stackoverflow.com/questions/9144560/jquery-scroll-detect-when-user-stops-scrolling'),(289,'scroll','','','2017-09-07 08:33:29.878691','2017-09-07 08:33:29.887034',3,'2017-09-07 08:33:30.022000','https://stackoverflow.com/questions/9144560/jquery-scroll-detect-when-user-stops-scrolling'),(290,'scroll','','','2017-09-07 08:33:29.895208','2017-09-07 08:33:29.897698',3,'2017-09-07 08:33:30.039000','https://stackoverflow.com/questions/9144560/jquery-scroll-detect-when-user-stops-scrolling'),(291,'scroll','','','2017-09-07 08:33:29.913698','2017-09-07 08:33:29.916427',3,'2017-09-07 08:33:30.056000','https://stackoverflow.com/questions/9144560/jquery-scroll-detect-when-user-stops-scrolling'),(292,'scroll','','','2017-09-07 08:33:30.221225','2017-09-07 08:33:30.223833',3,'2017-09-07 08:33:30.355000','https://stackoverflow.com/questions/9144560/jquery-scroll-detect-when-user-stops-scrolling'),(293,'scroll','','','2017-09-07 08:33:30.227983','2017-09-07 08:33:30.230521',3,'2017-09-07 08:33:30.372000','https://stackoverflow.com/questions/9144560/jquery-scroll-detect-when-user-stops-scrolling'),(294,'scroll','','','2017-09-07 08:33:30.245378','2017-09-07 08:33:30.248132',3,'2017-09-07 08:33:30.389000','https://stackoverflow.com/questions/9144560/jquery-scroll-detect-when-user-stops-scrolling'),(295,'scroll','','','2017-09-07 08:33:30.269179','2017-09-07 08:33:30.271811',3,'2017-09-07 08:33:30.405000','https://stackoverflow.com/questions/9144560/jquery-scroll-detect-when-user-stops-scrolling'),(296,'scroll','','','2017-09-07 08:33:30.279734','2017-09-07 08:33:30.282213',3,'2017-09-07 08:33:30.423000','https://stackoverflow.com/questions/9144560/jquery-scroll-detect-when-user-stops-scrolling'),(297,'scroll','','','2017-09-07 08:33:30.307660','2017-09-07 08:33:30.315171',3,'2017-09-07 08:33:30.438000','https://stackoverflow.com/questions/9144560/jquery-scroll-detect-when-user-stops-scrolling'),(298,'scroll','','','2017-09-07 08:33:30.311959','2017-09-07 08:33:30.317062',3,'2017-09-07 08:33:30.454000','https://stackoverflow.com/questions/9144560/jquery-scroll-detect-when-user-stops-scrolling'),(299,'scroll','','','2017-09-07 08:33:30.331460','2017-09-07 08:33:30.333951',3,'2017-09-07 08:33:30.472000','https://stackoverflow.com/questions/9144560/jquery-scroll-detect-when-user-stops-scrolling'),(300,'scroll','','','2017-09-07 08:33:30.346258','2017-09-07 08:33:30.348899',3,'2017-09-07 08:33:30.488000','https://stackoverflow.com/questions/9144560/jquery-scroll-detect-when-user-stops-scrolling'),(301,'scroll','','','2017-09-07 08:33:30.363860','2017-09-07 08:33:30.366386',3,'2017-09-07 08:33:30.504000','https://stackoverflow.com/questions/9144560/jquery-scroll-detect-when-user-stops-scrolling'),(302,'scroll','','','2017-09-07 08:33:30.382028','2017-09-07 08:33:30.384782',3,'2017-09-07 08:33:30.521000','https://stackoverflow.com/questions/9144560/jquery-scroll-detect-when-user-stops-scrolling'),(303,'scroll','','','2017-09-07 08:33:30.401283','2017-09-07 08:33:30.403812',3,'2017-09-07 08:33:30.539000','https://stackoverflow.com/questions/9144560/jquery-scroll-detect-when-user-stops-scrolling'),(304,'scroll','','','2017-09-07 08:33:30.411401','2017-09-07 08:33:30.420696',3,'2017-09-07 08:33:30.554000','https://stackoverflow.com/questions/9144560/jquery-scroll-detect-when-user-stops-scrolling'),(305,'scroll','','','2017-09-07 08:33:30.428548','2017-09-07 08:33:30.431045',3,'2017-09-07 08:33:30.572000','https://stackoverflow.com/questions/9144560/jquery-scroll-detect-when-user-stops-scrolling'),(306,'scroll','','','2017-09-07 08:33:30.443726','2017-09-07 08:33:30.446195',3,'2017-09-07 08:33:30.588000','https://stackoverflow.com/questions/9144560/jquery-scroll-detect-when-user-stops-scrolling'),(307,'scroll','','','2017-09-07 08:33:30.463336','2017-09-07 08:33:30.465787',3,'2017-09-07 08:33:30.606000','https://stackoverflow.com/questions/9144560/jquery-scroll-detect-when-user-stops-scrolling'),(308,'scroll','','','2017-09-07 08:33:30.477114','2017-09-07 08:33:30.479541',3,'2017-09-07 08:33:30.621000','https://stackoverflow.com/questions/9144560/jquery-scroll-detect-when-user-stops-scrolling'),(309,'scroll','','','2017-09-07 08:33:30.503050','2017-09-07 08:33:30.505562',3,'2017-09-07 08:33:30.637000','https://stackoverflow.com/questions/9144560/jquery-scroll-detect-when-user-stops-scrolling'),(310,'scroll','','','2017-09-07 08:33:30.511697','2017-09-07 08:33:30.514167',3,'2017-09-07 08:33:30.655000','https://stackoverflow.com/questions/9144560/jquery-scroll-detect-when-user-stops-scrolling'),(311,'scroll','','','2017-09-07 08:33:31.145846','2017-09-07 08:33:31.148447',3,'2017-09-07 08:33:31.288000','https://stackoverflow.com/questions/9144560/jquery-scroll-detect-when-user-stops-scrolling'),(312,'scroll','','','2017-09-07 08:33:31.158863','2017-09-07 08:33:31.166686',3,'2017-09-07 08:33:31.304000','https://stackoverflow.com/questions/9144560/jquery-scroll-detect-when-user-stops-scrolling'),(313,'scroll','','','2017-09-07 08:33:31.175888','2017-09-07 08:33:31.178400',3,'2017-09-07 08:33:31.320000','https://stackoverflow.com/questions/9144560/jquery-scroll-detect-when-user-stops-scrolling'),(314,'scroll','','','2017-09-07 08:33:31.195366','2017-09-07 08:33:31.197780',3,'2017-09-07 08:33:31.337000','https://stackoverflow.com/questions/9144560/jquery-scroll-detect-when-user-stops-scrolling'),(315,'scroll','','','2017-09-07 08:33:31.209191','2017-09-07 08:33:31.211687',3,'2017-09-07 08:33:31.353000','https://stackoverflow.com/questions/9144560/jquery-scroll-detect-when-user-stops-scrolling'),(316,'scroll','','','2017-09-07 08:33:31.230661','2017-09-07 08:33:31.233207',3,'2017-09-07 08:33:31.372000','https://stackoverflow.com/questions/9144560/jquery-scroll-detect-when-user-stops-scrolling'),(317,'scroll','','','2017-09-07 08:33:31.255175','2017-09-07 08:33:31.257709',3,'2017-09-07 08:33:31.388000','https://stackoverflow.com/questions/9144560/jquery-scroll-detect-when-user-stops-scrolling'),(318,'scroll','','','2017-09-07 08:33:31.263524','2017-09-07 08:33:31.275249',3,'2017-09-07 08:33:31.404000','https://stackoverflow.com/questions/9144560/jquery-scroll-detect-when-user-stops-scrolling'),(319,'scroll','','','2017-09-07 08:33:31.280215','2017-09-07 08:33:31.282712',3,'2017-09-07 08:33:31.421000','https://stackoverflow.com/questions/9144560/jquery-scroll-detect-when-user-stops-scrolling'),(320,'scroll','','','2017-09-07 08:33:31.297017','2017-09-07 08:33:31.299564',3,'2017-09-07 08:33:31.439000','https://stackoverflow.com/questions/9144560/jquery-scroll-detect-when-user-stops-scrolling'),(321,'scroll','','','2017-09-07 08:33:31.313401','2017-09-07 08:33:31.315866',3,'2017-09-07 08:33:31.454000','https://stackoverflow.com/questions/9144560/jquery-scroll-detect-when-user-stops-scrolling'),(322,'scroll','','','2017-09-07 08:33:31.327540','2017-09-07 08:33:31.330103',3,'2017-09-07 08:33:31.471000','https://stackoverflow.com/questions/9144560/jquery-scroll-detect-when-user-stops-scrolling'),(323,'scroll','','','2017-09-07 08:33:31.343176','2017-09-07 08:33:31.345636',3,'2017-09-07 08:33:31.487000','https://stackoverflow.com/questions/9144560/jquery-scroll-detect-when-user-stops-scrolling'),(324,'scroll','','','2017-09-07 08:33:31.362297','2017-09-07 08:33:31.364775',3,'2017-09-07 08:33:31.505000','https://stackoverflow.com/questions/9144560/jquery-scroll-detect-when-user-stops-scrolling'),(325,'scroll','','','2017-09-07 08:33:31.377203','2017-09-07 08:33:31.380292',3,'2017-09-07 08:33:31.520000','https://stackoverflow.com/questions/9144560/jquery-scroll-detect-when-user-stops-scrolling'),(326,'scroll','','','2017-09-07 08:33:31.395036','2017-09-07 08:33:31.397483',3,'2017-09-07 08:33:31.538000','https://stackoverflow.com/questions/9144560/jquery-scroll-detect-when-user-stops-scrolling'),(327,'scroll','','','2017-09-07 08:33:31.410392','2017-09-07 08:33:31.412896',3,'2017-09-07 08:33:31.555000','https://stackoverflow.com/questions/9144560/jquery-scroll-detect-when-user-stops-scrolling'),(328,'scroll','','','2017-09-07 08:33:31.428231','2017-09-07 08:33:31.430629',3,'2017-09-07 08:33:31.570000','https://stackoverflow.com/questions/9144560/jquery-scroll-detect-when-user-stops-scrolling'),(329,'scroll','','','2017-09-07 08:33:31.445665','2017-09-07 08:33:31.448421',3,'2017-09-07 08:33:31.587000','https://stackoverflow.com/questions/9144560/jquery-scroll-detect-when-user-stops-scrolling'),(330,'scroll','','','2017-09-07 08:33:32.794033','2017-09-07 08:33:32.800276',3,'2017-09-07 08:33:32.936000','https://stackoverflow.com/questions/9144560/jquery-scroll-detect-when-user-stops-scrolling'),(331,'scroll','','','2017-09-07 08:33:32.807633','2017-09-07 08:33:32.810029',3,'2017-09-07 08:33:32.952000','https://stackoverflow.com/questions/9144560/jquery-scroll-detect-when-user-stops-scrolling'),(332,'scroll','','','2017-09-07 08:33:32.845687','2017-09-07 08:33:32.848187',3,'2017-09-07 08:33:32.987000','https://stackoverflow.com/questions/9144560/jquery-scroll-detect-when-user-stops-scrolling'),(333,'scroll','','','2017-09-07 08:33:32.858772','2017-09-07 08:33:32.861178',3,'2017-09-07 08:33:33.003000','https://stackoverflow.com/questions/9144560/jquery-scroll-detect-when-user-stops-scrolling'),(334,'scroll','','','2017-09-07 08:33:32.875126','2017-09-07 08:33:32.877561',3,'2017-09-07 08:33:33.020000','https://stackoverflow.com/questions/9144560/jquery-scroll-detect-when-user-stops-scrolling'),(335,'scroll','','','2017-09-07 08:33:32.893278','2017-09-07 08:33:32.895823',3,'2017-09-07 08:33:33.037000','https://stackoverflow.com/questions/9144560/jquery-scroll-detect-when-user-stops-scrolling'),(336,'scroll','','','2017-09-07 08:33:32.909206','2017-09-07 08:33:32.911731',3,'2017-09-07 08:33:33.053000','https://stackoverflow.com/questions/9144560/jquery-scroll-detect-when-user-stops-scrolling'),(337,'scroll','','','2017-09-07 08:33:32.926816','2017-09-07 08:33:32.929192',3,'2017-09-07 08:33:33.070000','https://stackoverflow.com/questions/9144560/jquery-scroll-detect-when-user-stops-scrolling'),(338,'scroll','','','2017-09-07 08:33:32.943430','2017-09-07 08:33:32.945790',3,'2017-09-07 08:33:33.086000','https://stackoverflow.com/questions/9144560/jquery-scroll-detect-when-user-stops-scrolling'),(339,'scroll','','','2017-09-07 08:33:32.965251','2017-09-07 08:33:32.967837',3,'2017-09-07 08:33:33.103000','https://stackoverflow.com/questions/9144560/jquery-scroll-detect-when-user-stops-scrolling'),(340,'scroll','','','2017-09-07 08:33:32.983384','2017-09-07 08:33:32.985941',3,'2017-09-07 08:33:33.119000','https://stackoverflow.com/questions/9144560/jquery-scroll-detect-when-user-stops-scrolling'),(341,'scroll','','','2017-09-07 08:33:32.993093','2017-09-07 08:33:32.995543',3,'2017-09-07 08:33:33.136000','https://stackoverflow.com/questions/9144560/jquery-scroll-detect-when-user-stops-scrolling'),(342,'scroll','','','2017-09-07 08:33:33.008809','2017-09-07 08:33:33.011241',3,'2017-09-07 08:33:33.153000','https://stackoverflow.com/questions/9144560/jquery-scroll-detect-when-user-stops-scrolling'),(343,'scroll','','','2017-09-07 08:33:33.026317','2017-09-07 08:33:33.028773',3,'2017-09-07 08:33:33.168000','https://stackoverflow.com/questions/9144560/jquery-scroll-detect-when-user-stops-scrolling'),(344,'scroll','','','2017-09-07 08:33:33.044460','2017-09-07 08:33:33.046877',3,'2017-09-07 08:33:33.186000','https://stackoverflow.com/questions/9144560/jquery-scroll-detect-when-user-stops-scrolling'),(345,'scroll','','','2017-09-07 08:33:33.061163','2017-09-07 08:33:33.063583',3,'2017-09-07 08:33:33.202000','https://stackoverflow.com/questions/9144560/jquery-scroll-detect-when-user-stops-scrolling'),(346,'scroll','','','2017-09-07 08:33:33.076608','2017-09-07 08:33:33.083249',3,'2017-09-07 08:33:33.220000','https://stackoverflow.com/questions/9144560/jquery-scroll-detect-when-user-stops-scrolling'),(347,'scroll','','','2017-09-07 08:33:33.090413','2017-09-07 08:33:33.092806',3,'2017-09-07 08:33:33.235000','https://stackoverflow.com/questions/9144560/jquery-scroll-detect-when-user-stops-scrolling'),(348,'scroll','','','2017-09-07 08:33:33.808700','2017-09-07 08:33:33.812267',3,'2017-09-07 08:33:33.951000','https://stackoverflow.com/questions/9144560/jquery-scroll-detect-when-user-stops-scrolling'),(349,'scroll','','','2017-09-07 08:33:33.842639','2017-09-07 08:33:33.845511',3,'2017-09-07 08:33:33.984000','https://stackoverflow.com/questions/9144560/jquery-scroll-detect-when-user-stops-scrolling'),(350,'scroll','','','2017-09-07 08:33:33.858071','2017-09-07 08:33:33.861369',3,'2017-09-07 08:33:34.003000','https://stackoverflow.com/questions/9144560/jquery-scroll-detect-when-user-stops-scrolling'),(351,'scroll','','','2017-09-07 08:33:33.873125','2017-09-07 08:33:33.875471',3,'2017-09-07 08:33:34.018000','https://stackoverflow.com/questions/9144560/jquery-scroll-detect-when-user-stops-scrolling'),(352,'scroll','','','2017-09-07 08:33:33.890880','2017-09-07 08:33:33.893422',3,'2017-09-07 08:33:34.034000','https://stackoverflow.com/questions/9144560/jquery-scroll-detect-when-user-stops-scrolling'),(353,'scroll','','','2017-09-07 08:33:33.909576','2017-09-07 08:33:33.912053',3,'2017-09-07 08:33:34.052000','https://stackoverflow.com/questions/9144560/jquery-scroll-detect-when-user-stops-scrolling'),(354,'scroll','','','2017-09-07 08:33:33.932511','2017-09-07 08:33:33.935720',3,'2017-09-07 08:33:34.069000','https://stackoverflow.com/questions/9144560/jquery-scroll-detect-when-user-stops-scrolling'),(355,'scroll','','','2017-09-07 08:33:33.962884','2017-09-07 08:33:33.965616',3,'2017-09-07 08:33:34.103000','https://stackoverflow.com/questions/9144560/jquery-scroll-detect-when-user-stops-scrolling'),(356,'scroll','','','2017-09-07 08:33:33.991507','2017-09-07 08:33:33.994213',3,'2017-09-07 08:33:34.118000','https://stackoverflow.com/questions/9144560/jquery-scroll-detect-when-user-stops-scrolling'),(357,'scroll','','','2017-09-07 08:33:34.004773','2017-09-07 08:33:34.007676',3,'2017-09-07 08:33:34.140000','https://stackoverflow.com/questions/9144560/jquery-scroll-detect-when-user-stops-scrolling'),(358,'scroll','','','2017-09-07 08:33:34.011379','2017-09-07 08:33:34.012672',3,'2017-09-07 08:33:34.152000','https://stackoverflow.com/questions/9144560/jquery-scroll-detect-when-user-stops-scrolling'),(359,'scroll','','','2017-09-07 08:33:34.024379','2017-09-07 08:33:34.026776',3,'2017-09-07 08:33:34.169000','https://stackoverflow.com/questions/9144560/jquery-scroll-detect-when-user-stops-scrolling'),(360,'scroll','','','2017-09-07 08:33:34.043272','2017-09-07 08:33:34.045926',3,'2017-09-07 08:33:34.186000','https://stackoverflow.com/questions/9144560/jquery-scroll-detect-when-user-stops-scrolling'),(361,'scroll','','','2017-09-07 08:33:34.058587','2017-09-07 08:33:34.061041',3,'2017-09-07 08:33:34.202000','https://stackoverflow.com/questions/9144560/jquery-scroll-detect-when-user-stops-scrolling'),(362,'scroll','','','2017-09-07 08:33:34.077043','2017-09-07 08:33:34.079310',3,'2017-09-07 08:33:34.221000','https://stackoverflow.com/questions/9144560/jquery-scroll-detect-when-user-stops-scrolling'),(363,'scroll','','','2017-09-07 08:33:34.092744','2017-09-07 08:33:34.095115',3,'2017-09-07 08:33:34.236000','https://stackoverflow.com/questions/9144560/jquery-scroll-detect-when-user-stops-scrolling'),(364,'scroll','','','2017-09-07 08:33:34.110632','2017-09-07 08:33:34.113121',3,'2017-09-07 08:33:34.252000','https://stackoverflow.com/questions/9144560/jquery-scroll-detect-when-user-stops-scrolling'),(365,'scroll','','','2017-09-07 08:33:35.506823','2017-09-07 08:33:35.509387',3,'2017-09-07 08:33:35.649000','https://stackoverflow.com/questions/9144560/jquery-scroll-detect-when-user-stops-scrolling'),(366,'scroll','','','2017-09-07 08:33:35.545525','2017-09-07 08:33:35.547979',3,'2017-09-07 08:33:35.683000','https://stackoverflow.com/questions/9144560/jquery-scroll-detect-when-user-stops-scrolling'),(367,'scroll','','','2017-09-07 08:33:35.566407','2017-09-07 08:33:35.568911',3,'2017-09-07 08:33:35.701000','https://stackoverflow.com/questions/9144560/jquery-scroll-detect-when-user-stops-scrolling'),(368,'scroll','','','2017-09-07 08:33:35.595705','2017-09-07 08:33:35.598262',3,'2017-09-07 08:33:35.733000','https://stackoverflow.com/questions/9144560/jquery-scroll-detect-when-user-stops-scrolling'),(369,'scroll','','','2017-09-07 08:33:35.608353','2017-09-07 08:33:35.610682',3,'2017-09-07 08:33:35.750000','https://stackoverflow.com/questions/9144560/jquery-scroll-detect-when-user-stops-scrolling'),(370,'scroll','','','2017-09-07 08:33:35.626469','2017-09-07 08:33:35.628865',3,'2017-09-07 08:33:35.768000','https://stackoverflow.com/questions/9144560/jquery-scroll-detect-when-user-stops-scrolling'),(371,'scroll','','','2017-09-07 08:33:35.640338','2017-09-07 08:33:35.642959',3,'2017-09-07 08:33:35.783000','https://stackoverflow.com/questions/9144560/jquery-scroll-detect-when-user-stops-scrolling'),(372,'scroll','','','2017-09-07 08:33:35.657641','2017-09-07 08:33:35.660284',3,'2017-09-07 08:33:35.801000','https://stackoverflow.com/questions/9144560/jquery-scroll-detect-when-user-stops-scrolling'),(373,'scroll','','','2017-09-07 08:33:35.672994','2017-09-07 08:33:35.675388',3,'2017-09-07 08:33:35.817000','https://stackoverflow.com/questions/9144560/jquery-scroll-detect-when-user-stops-scrolling'),(374,'scroll','','','2017-09-07 08:33:35.689791','2017-09-07 08:33:35.692227',3,'2017-09-07 08:33:35.834000','https://stackoverflow.com/questions/9144560/jquery-scroll-detect-when-user-stops-scrolling'),(375,'scroll','','','2017-09-07 08:33:35.705205','2017-09-07 08:33:35.707720',3,'2017-09-07 08:33:35.851000','https://stackoverflow.com/questions/9144560/jquery-scroll-detect-when-user-stops-scrolling'),(376,'scroll','','','2017-09-07 08:33:35.729407','2017-09-07 08:33:35.731901',3,'2017-09-07 08:33:35.868000','https://stackoverflow.com/questions/9144560/jquery-scroll-detect-when-user-stops-scrolling'),(377,'scroll','','','2017-09-07 08:33:36.006538','2017-09-07 08:33:36.009144',3,'2017-09-07 08:33:36.149000','https://stackoverflow.com/questions/9144560/jquery-scroll-detect-when-user-stops-scrolling'),(378,'scroll','','','2017-09-07 08:33:36.023275','2017-09-07 08:33:36.025546',3,'2017-09-07 08:33:36.168000','https://stackoverflow.com/questions/9144560/jquery-scroll-detect-when-user-stops-scrolling'),(379,'scroll','','','2017-09-07 08:33:36.038232','2017-09-07 08:33:36.040652',3,'2017-09-07 08:33:36.183000','https://stackoverflow.com/questions/9144560/jquery-scroll-detect-when-user-stops-scrolling'),(380,'scroll','','','2017-09-07 08:33:36.055483','2017-09-07 08:33:36.057888',3,'2017-09-07 08:33:36.200000','https://stackoverflow.com/questions/9144560/jquery-scroll-detect-when-user-stops-scrolling'),(381,'scroll','','','2017-09-07 08:33:36.072049','2017-09-07 08:33:36.074405',3,'2017-09-07 08:33:36.216000','https://stackoverflow.com/questions/9144560/jquery-scroll-detect-when-user-stops-scrolling'),(382,'scroll','','','2017-09-07 08:33:36.089601','2017-09-07 08:33:36.091922',3,'2017-09-07 08:33:36.234000','https://stackoverflow.com/questions/9144560/jquery-scroll-detect-when-user-stops-scrolling'),(383,'scroll','','','2017-09-07 08:33:36.114927','2017-09-07 08:33:36.117405',3,'2017-09-07 08:33:36.250000','https://stackoverflow.com/questions/9144560/jquery-scroll-detect-when-user-stops-scrolling'),(384,'scroll','','','2017-09-07 08:33:36.123720','2017-09-07 08:33:36.126065',3,'2017-09-07 08:33:36.267000','https://stackoverflow.com/questions/9144560/jquery-scroll-detect-when-user-stops-scrolling'),(385,'scroll','','','2017-09-07 08:33:36.138864','2017-09-07 08:33:36.141312',3,'2017-09-07 08:33:36.283000','https://stackoverflow.com/questions/9144560/jquery-scroll-detect-when-user-stops-scrolling'),(386,'scroll','','','2017-09-07 08:33:36.160580','2017-09-07 08:33:36.162962',3,'2017-09-07 08:33:36.301000','https://stackoverflow.com/questions/9144560/jquery-scroll-detect-when-user-stops-scrolling'),(387,'scroll','','','2017-09-07 08:33:36.171949','2017-09-07 08:33:36.174621',3,'2017-09-07 08:33:36.316000','https://stackoverflow.com/questions/9144560/jquery-scroll-detect-when-user-stops-scrolling'),(388,'scroll','','','2017-09-07 08:33:36.194673','2017-09-07 08:33:36.197167',3,'2017-09-07 08:33:36.334000','https://stackoverflow.com/questions/9144560/jquery-scroll-detect-when-user-stops-scrolling'),(389,'scroll','','','2017-09-07 08:33:36.221826','2017-09-07 08:33:36.224374',3,'2017-09-07 08:33:36.351000','https://stackoverflow.com/questions/9144560/jquery-scroll-detect-when-user-stops-scrolling'),(390,'scroll','','','2017-09-07 08:33:36.238222','2017-09-07 08:33:36.240963',3,'2017-09-07 08:33:36.367000','https://stackoverflow.com/questions/9144560/jquery-scroll-detect-when-user-stops-scrolling'),(391,'scroll','','','2017-09-07 08:33:36.244382','2017-09-07 08:33:36.246743',3,'2017-09-07 08:33:36.382000','https://stackoverflow.com/questions/9144560/jquery-scroll-detect-when-user-stops-scrolling'),(392,'scroll','','','2017-09-07 08:33:36.255686','2017-09-07 08:33:36.258088',3,'2017-09-07 08:33:36.399000','https://stackoverflow.com/questions/9144560/jquery-scroll-detect-when-user-stops-scrolling'),(393,'scroll','','','2017-09-07 08:33:36.272669','2017-09-07 08:33:36.281014',3,'2017-09-07 08:33:36.416000','https://stackoverflow.com/questions/9144560/jquery-scroll-detect-when-user-stops-scrolling'),(394,'scroll','','','2017-09-07 08:33:36.290658','2017-09-07 08:33:36.293133',3,'2017-09-07 08:33:36.434000','https://stackoverflow.com/questions/9144560/jquery-scroll-detect-when-user-stops-scrolling'),(395,'scroll','','','2017-09-07 08:33:36.907112','2017-09-07 08:33:36.909874',3,'2017-09-07 08:33:37.049000','https://stackoverflow.com/questions/9144560/jquery-scroll-detect-when-user-stops-scrolling'),(396,'scroll','','','2017-09-07 08:33:36.923046','2017-09-07 08:33:36.925622',3,'2017-09-07 08:33:37.065000','https://stackoverflow.com/questions/9144560/jquery-scroll-detect-when-user-stops-scrolling'),(397,'scroll','','','2017-09-07 08:33:36.936672','2017-09-07 08:33:36.939298',3,'2017-09-07 08:33:37.082000','https://stackoverflow.com/questions/9144560/jquery-scroll-detect-when-user-stops-scrolling'),(398,'scroll','','','2017-09-07 08:33:36.957873','2017-09-07 08:33:36.960443',3,'2017-09-07 08:33:37.101000','https://stackoverflow.com/questions/9144560/jquery-scroll-detect-when-user-stops-scrolling'),(399,'scroll','','','2017-09-07 08:33:36.973542','2017-09-07 08:33:36.976145',3,'2017-09-07 08:33:37.116000','https://stackoverflow.com/questions/9144560/jquery-scroll-detect-when-user-stops-scrolling'),(400,'scroll','','','2017-09-07 08:33:36.990059','2017-09-07 08:33:36.992712',3,'2017-09-07 08:33:37.132000','https://stackoverflow.com/questions/9144560/jquery-scroll-detect-when-user-stops-scrolling'),(401,'scroll','','','2017-09-07 08:33:37.004887','2017-09-07 08:33:37.007515',3,'2017-09-07 08:33:37.150000','https://stackoverflow.com/questions/9144560/jquery-scroll-detect-when-user-stops-scrolling'),(402,'scroll','','','2017-09-07 08:33:37.023760','2017-09-07 08:33:37.026475',3,'2017-09-07 08:33:37.166000','https://stackoverflow.com/questions/9144560/jquery-scroll-detect-when-user-stops-scrolling'),(403,'scroll','','','2017-09-07 08:33:37.038582','2017-09-07 08:33:37.041137',3,'2017-09-07 08:33:37.183000','https://stackoverflow.com/questions/9144560/jquery-scroll-detect-when-user-stops-scrolling'),(404,'scroll','','','2017-09-07 08:33:37.056377','2017-09-07 08:33:37.058917',3,'2017-09-07 08:33:37.199000','https://stackoverflow.com/questions/9144560/jquery-scroll-detect-when-user-stops-scrolling'),(405,'scroll','','','2017-09-07 08:33:37.071086','2017-09-07 08:33:37.073643',3,'2017-09-07 08:33:37.216000','https://stackoverflow.com/questions/9144560/jquery-scroll-detect-when-user-stops-scrolling'),(406,'scroll','','','2017-09-07 08:33:37.091300','2017-09-07 08:33:37.093701',3,'2017-09-07 08:33:37.233000','https://stackoverflow.com/questions/9144560/jquery-scroll-detect-when-user-stops-scrolling'),(407,'scroll','','','2017-09-07 08:33:37.105231','2017-09-07 08:33:37.107616',3,'2017-09-07 08:33:37.249000','https://stackoverflow.com/questions/9144560/jquery-scroll-detect-when-user-stops-scrolling'),(408,'scroll','','','2017-09-07 08:33:37.124722','2017-09-07 08:33:37.132114',3,'2017-09-07 08:33:37.266000','https://stackoverflow.com/questions/9144560/jquery-scroll-detect-when-user-stops-scrolling'),(409,'scroll','','','2017-09-07 08:33:37.137737','2017-09-07 08:33:37.140122',3,'2017-09-07 08:33:37.282000','https://stackoverflow.com/questions/9144560/jquery-scroll-detect-when-user-stops-scrolling'),(410,'scroll','','','2017-09-07 08:33:37.153726','2017-09-07 08:33:37.156090',3,'2017-09-07 08:33:37.299000','https://stackoverflow.com/questions/9144560/jquery-scroll-detect-when-user-stops-scrolling'),(411,'scroll','','','2017-09-07 08:33:37.171053','2017-09-07 08:33:37.173525',3,'2017-09-07 08:33:37.315000','https://stackoverflow.com/questions/9144560/jquery-scroll-detect-when-user-stops-scrolling'),(412,'scroll','','','2017-09-07 08:33:37.189395','2017-09-07 08:33:37.192003',3,'2017-09-07 08:33:37.334000','https://stackoverflow.com/questions/9144560/jquery-scroll-detect-when-user-stops-scrolling'),(413,'scroll','','','2017-09-07 08:33:37.205444','2017-09-07 08:33:37.207880',3,'2017-09-07 08:33:37.349000','https://stackoverflow.com/questions/9144560/jquery-scroll-detect-when-user-stops-scrolling'),(414,'scroll','','','2017-09-07 08:33:37.219954','2017-09-07 08:33:37.222477',3,'2017-09-07 08:33:37.365000','https://stackoverflow.com/questions/9144560/jquery-scroll-detect-when-user-stops-scrolling'),(415,'scroll','','','2017-09-07 08:33:58.659807','2017-09-07 08:33:58.662446',3,'2017-09-07 08:33:58.660000','https://stackoverflow.com/questions/9144560/jquery-scroll-detect-when-user-stops-scrolling'),(416,'scroll','','','2017-09-07 08:33:58.666741','2017-09-07 08:33:58.669230',3,'2017-09-07 08:33:58.678000','https://stackoverflow.com/questions/9144560/jquery-scroll-detect-when-user-stops-scrolling'),(417,'scroll','','','2017-09-07 08:33:58.674294','2017-09-07 08:33:58.677750',3,'2017-09-07 08:33:58.693000','https://stackoverflow.com/questions/9144560/jquery-scroll-detect-when-user-stops-scrolling'),(418,'scroll','','','2017-09-07 08:33:58.678741','2017-09-07 08:33:58.684021',3,'2017-09-07 08:33:58.712000','https://stackoverflow.com/questions/9144560/jquery-scroll-detect-when-user-stops-scrolling'),(419,'scroll','','','2017-09-07 08:33:58.685095','2017-09-07 08:33:58.688557',3,'2017-09-07 08:33:58.728000','https://stackoverflow.com/questions/9144560/jquery-scroll-detect-when-user-stops-scrolling'),(420,'scroll','','','2017-09-07 08:33:58.689639','2017-09-07 08:33:58.691930',3,'2017-09-07 08:33:58.746000','https://stackoverflow.com/questions/9144560/jquery-scroll-detect-when-user-stops-scrolling'),(421,'scroll','','','2017-09-07 08:33:58.710785','2017-09-07 08:33:58.713138',3,'2017-09-07 08:33:58.763000','https://stackoverflow.com/questions/9144560/jquery-scroll-detect-when-user-stops-scrolling'),(422,'scroll','','','2017-09-07 08:33:58.725597','2017-09-07 08:33:58.728029',3,'2017-09-07 08:33:58.779000','https://stackoverflow.com/questions/9144560/jquery-scroll-detect-when-user-stops-scrolling'),(423,'scroll','','','2017-09-07 08:33:58.731675','2017-09-07 08:33:58.732789',3,'2017-09-07 08:33:58.796000','https://stackoverflow.com/questions/9144560/jquery-scroll-detect-when-user-stops-scrolling'),(424,'scroll','','','2017-09-07 08:33:58.739599','2017-09-07 08:33:58.741929',3,'2017-09-07 08:33:58.811000','https://stackoverflow.com/questions/9144560/jquery-scroll-detect-when-user-stops-scrolling'),(425,'scroll','','','2017-09-07 08:33:58.744890','2017-09-07 08:33:58.747907',3,'2017-09-07 08:33:58.828000','https://stackoverflow.com/questions/9144560/jquery-scroll-detect-when-user-stops-scrolling'),(426,'scroll','','','2017-09-07 08:33:58.749158','2017-09-07 08:33:58.751491',3,'2017-09-07 08:33:58.844000','https://stackoverflow.com/questions/9144560/jquery-scroll-detect-when-user-stops-scrolling'),(427,'scroll','','','2017-09-07 08:33:58.763151','2017-09-07 08:33:58.765550',3,'2017-09-07 08:33:58.862000','https://stackoverflow.com/questions/9144560/jquery-scroll-detect-when-user-stops-scrolling'),(428,'scroll','','','2017-09-07 08:33:58.776970','2017-09-07 08:33:58.779592',3,'2017-09-07 08:33:58.878000','https://stackoverflow.com/questions/9144560/jquery-scroll-detect-when-user-stops-scrolling'),(429,'scroll','','','2017-09-07 08:33:58.784590','2017-09-07 08:33:58.787372',3,'2017-09-07 08:33:58.896000','https://stackoverflow.com/questions/9144560/jquery-scroll-detect-when-user-stops-scrolling'),(430,'scroll','','','2017-09-07 08:33:58.792368','2017-09-07 08:33:58.794804',3,'2017-09-07 08:33:58.913000','https://stackoverflow.com/questions/9144560/jquery-scroll-detect-when-user-stops-scrolling'),(431,'scroll','','','2017-09-07 08:33:58.804965','2017-09-07 08:33:58.807407',3,'2017-09-07 08:33:58.945000','https://stackoverflow.com/questions/9144560/jquery-scroll-detect-when-user-stops-scrolling'),(432,'scroll','','','2017-09-07 08:33:59.320614','2017-09-07 08:33:59.323464',3,'2017-09-07 08:33:59.461000','https://stackoverflow.com/questions/9144560/jquery-scroll-detect-when-user-stops-scrolling'),(433,'scroll','','','2017-09-07 08:33:59.335127','2017-09-07 08:33:59.337618',3,'2017-09-07 08:33:59.479000','https://stackoverflow.com/questions/9144560/jquery-scroll-detect-when-user-stops-scrolling'),(434,'scroll','','','2017-09-07 08:33:59.349210','2017-09-07 08:33:59.351689',3,'2017-09-07 08:33:59.495000','https://stackoverflow.com/questions/9144560/jquery-scroll-detect-when-user-stops-scrolling'),(435,'scroll','','','2017-09-07 08:33:59.367691','2017-09-07 08:33:59.370459',3,'2017-09-07 08:33:59.512000','https://stackoverflow.com/questions/9144560/jquery-scroll-detect-when-user-stops-scrolling'),(436,'scroll','','','2017-09-07 08:33:59.382437','2017-09-07 08:33:59.384767',3,'2017-09-07 08:33:59.528000','https://stackoverflow.com/questions/9144560/jquery-scroll-detect-when-user-stops-scrolling'),(437,'scroll','','','2017-09-07 08:33:59.399791','2017-09-07 08:33:59.402335',3,'2017-09-07 08:33:59.544000','https://stackoverflow.com/questions/9144560/jquery-scroll-detect-when-user-stops-scrolling'),(438,'scroll','','','2017-09-07 08:33:59.416227','2017-09-07 08:33:59.418574',3,'2017-09-07 08:33:59.562000','https://stackoverflow.com/questions/9144560/jquery-scroll-detect-when-user-stops-scrolling'),(439,'scroll','','','2017-09-07 08:33:59.434765','2017-09-07 08:33:59.437205',3,'2017-09-07 08:33:59.578000','https://stackoverflow.com/questions/9144560/jquery-scroll-detect-when-user-stops-scrolling'),(440,'scroll','','','2017-09-07 08:33:59.450581','2017-09-07 08:33:59.453013',3,'2017-09-07 08:33:59.596000','https://stackoverflow.com/questions/9144560/jquery-scroll-detect-when-user-stops-scrolling'),(441,'scroll','','','2017-09-07 08:33:59.465614','2017-09-07 08:33:59.467996',3,'2017-09-07 08:33:59.611000','https://stackoverflow.com/questions/9144560/jquery-scroll-detect-when-user-stops-scrolling'),(442,'scroll','','','2017-09-07 08:33:59.484219','2017-09-07 08:33:59.486739',3,'2017-09-07 08:33:59.628000','https://stackoverflow.com/questions/9144560/jquery-scroll-detect-when-user-stops-scrolling'),(443,'scroll','','','2017-09-07 08:33:59.501119','2017-09-07 08:33:59.508472',3,'2017-09-07 08:33:59.645000','https://stackoverflow.com/questions/9144560/jquery-scroll-detect-when-user-stops-scrolling'),(444,'scroll','','','2017-09-07 08:33:59.517762','2017-09-07 08:33:59.520230',3,'2017-09-07 08:33:59.661000','https://stackoverflow.com/questions/9144560/jquery-scroll-detect-when-user-stops-scrolling'),(445,'scroll','','','2017-09-07 08:33:59.534668','2017-09-07 08:33:59.537646',3,'2017-09-07 08:33:59.678000','https://stackoverflow.com/questions/9144560/jquery-scroll-detect-when-user-stops-scrolling'),(446,'scroll','','','2017-09-07 08:33:59.580372','2017-09-07 08:33:59.583053',3,'2017-09-07 08:33:59.717000','https://stackoverflow.com/questions/9144560/jquery-scroll-detect-when-user-stops-scrolling'),(447,'scroll','','','2017-09-07 08:33:59.851410','2017-09-07 08:33:59.856589',3,'2017-09-07 08:33:59.994000','https://stackoverflow.com/questions/9144560/jquery-scroll-detect-when-user-stops-scrolling'),(448,'scroll','','','2017-09-07 08:33:59.865921','2017-09-07 08:33:59.868408',3,'2017-09-07 08:34:00.010000','https://stackoverflow.com/questions/9144560/jquery-scroll-detect-when-user-stops-scrolling'),(449,'scroll','','','2017-09-07 08:33:59.883397','2017-09-07 08:33:59.885840',3,'2017-09-07 08:34:00.028000','https://stackoverflow.com/questions/9144560/jquery-scroll-detect-when-user-stops-scrolling'),(450,'scroll','','','2017-09-07 08:33:59.899872','2017-09-07 08:33:59.902404',3,'2017-09-07 08:34:00.044000','https://stackoverflow.com/questions/9144560/jquery-scroll-detect-when-user-stops-scrolling'),(451,'scroll','','','2017-09-07 08:33:59.919215','2017-09-07 08:33:59.921636',3,'2017-09-07 08:34:00.061000','https://stackoverflow.com/questions/9144560/jquery-scroll-detect-when-user-stops-scrolling'),(452,'scroll','','','2017-09-07 08:33:59.934000','2017-09-07 08:33:59.937468',3,'2017-09-07 08:34:00.077000','https://stackoverflow.com/questions/9144560/jquery-scroll-detect-when-user-stops-scrolling'),(453,'scroll','','','2017-09-07 08:33:59.949900','2017-09-07 08:33:59.952448',3,'2017-09-07 08:34:00.094000','https://stackoverflow.com/questions/9144560/jquery-scroll-detect-when-user-stops-scrolling'),(454,'scroll','','','2017-09-07 08:33:59.969365','2017-09-07 08:33:59.971800',3,'2017-09-07 08:34:00.111000','https://stackoverflow.com/questions/9144560/jquery-scroll-detect-when-user-stops-scrolling'),(455,'scroll','','','2017-09-07 08:33:59.983006','2017-09-07 08:33:59.985737',3,'2017-09-07 08:34:00.128000','https://stackoverflow.com/questions/9144560/jquery-scroll-detect-when-user-stops-scrolling'),(456,'scroll','','','2017-09-07 08:34:00.002580','2017-09-07 08:34:00.005128',3,'2017-09-07 08:34:00.145000','https://stackoverflow.com/questions/9144560/jquery-scroll-detect-when-user-stops-scrolling'),(457,'scroll','','','2017-09-07 08:34:00.016400','2017-09-07 08:34:00.018871',3,'2017-09-07 08:34:00.161000','https://stackoverflow.com/questions/9144560/jquery-scroll-detect-when-user-stops-scrolling'),(458,'scroll','','','2017-09-07 08:34:00.036324','2017-09-07 08:34:00.042175',3,'2017-09-07 08:34:00.178000','https://stackoverflow.com/questions/9144560/jquery-scroll-detect-when-user-stops-scrolling'),(459,'scroll','','','2017-09-07 08:34:00.051045','2017-09-07 08:34:00.053448',3,'2017-09-07 08:34:00.194000','https://stackoverflow.com/questions/9144560/jquery-scroll-detect-when-user-stops-scrolling'),(460,'scroll','','','2017-09-07 08:34:00.069555','2017-09-07 08:34:00.072096',3,'2017-09-07 08:34:00.211000','https://stackoverflow.com/questions/9144560/jquery-scroll-detect-when-user-stops-scrolling'),(461,'scroll','','','2017-09-07 08:34:00.086637','2017-09-07 08:34:00.089149',3,'2017-09-07 08:34:00.229000','https://stackoverflow.com/questions/9144560/jquery-scroll-detect-when-user-stops-scrolling'),(462,'scroll','','','2017-09-07 08:34:00.101555','2017-09-07 08:34:00.106651',3,'2017-09-07 08:34:00.244000','https://stackoverflow.com/questions/9144560/jquery-scroll-detect-when-user-stops-scrolling'),(463,'scroll','','','2017-09-07 08:34:00.117122','2017-09-07 08:34:00.119527',3,'2017-09-07 08:34:00.260000','https://stackoverflow.com/questions/9144560/jquery-scroll-detect-when-user-stops-scrolling'),(464,'scroll','','','2017-09-07 08:34:00.133346','2017-09-07 08:34:00.136055',3,'2017-09-07 08:34:00.278000','https://stackoverflow.com/questions/9144560/jquery-scroll-detect-when-user-stops-scrolling'),(465,'scroll','','','2017-09-07 08:34:00.150676','2017-09-07 08:34:00.153277',3,'2017-09-07 08:34:00.295000','https://stackoverflow.com/questions/9144560/jquery-scroll-detect-when-user-stops-scrolling'),(466,'scroll','','','2017-09-07 08:34:00.166626','2017-09-07 08:34:00.169131',3,'2017-09-07 08:34:00.312000','https://stackoverflow.com/questions/9144560/jquery-scroll-detect-when-user-stops-scrolling'),(467,'scroll','','','2017-09-07 08:34:00.185625','2017-09-07 08:34:00.188040',3,'2017-09-07 08:34:00.328000','https://stackoverflow.com/questions/9144560/jquery-scroll-detect-when-user-stops-scrolling'),(468,'scroll','','','2017-09-07 08:34:00.199073','2017-09-07 08:34:00.201386',3,'2017-09-07 08:34:00.344000','https://stackoverflow.com/questions/9144560/jquery-scroll-detect-when-user-stops-scrolling'),(469,'scroll','','','2017-09-07 08:34:00.216987','2017-09-07 08:34:00.219350',3,'2017-09-07 08:34:00.361000','https://stackoverflow.com/questions/9144560/jquery-scroll-detect-when-user-stops-scrolling'),(470,'scroll','','','2017-09-07 08:34:00.233264','2017-09-07 08:34:00.235645',3,'2017-09-07 08:34:00.378000','https://stackoverflow.com/questions/9144560/jquery-scroll-detect-when-user-stops-scrolling'),(471,'scroll','','','2017-09-07 08:34:00.250671','2017-09-07 08:34:00.255380',3,'2017-09-07 08:34:00.395000','https://stackoverflow.com/questions/9144560/jquery-scroll-detect-when-user-stops-scrolling'),(472,'scroll','','','2017-09-07 08:34:00.267036','2017-09-07 08:34:00.269345',3,'2017-09-07 08:34:00.411000','https://stackoverflow.com/questions/9144560/jquery-scroll-detect-when-user-stops-scrolling'),(473,'scroll','','','2017-09-07 08:34:00.285130','2017-09-07 08:34:00.287461',3,'2017-09-07 08:34:00.427000','https://stackoverflow.com/questions/9144560/jquery-scroll-detect-when-user-stops-scrolling'),(474,'scroll','','','2017-09-07 08:34:00.298911','2017-09-07 08:34:00.301644',3,'2017-09-07 08:34:00.444000','https://stackoverflow.com/questions/9144560/jquery-scroll-detect-when-user-stops-scrolling'),(475,'scroll','','','2017-09-07 08:34:00.316566','2017-09-07 08:34:00.318912',3,'2017-09-07 08:34:00.462000','https://stackoverflow.com/questions/9144560/jquery-scroll-detect-when-user-stops-scrolling'),(476,'scroll','','','2017-09-07 08:34:00.332734','2017-09-07 08:34:00.335254',3,'2017-09-07 08:34:00.476000','https://stackoverflow.com/questions/9144560/jquery-scroll-detect-when-user-stops-scrolling'),(477,'scroll','','','2017-09-07 08:34:00.351304','2017-09-07 08:34:00.353826',3,'2017-09-07 08:34:00.494000','https://stackoverflow.com/questions/9144560/jquery-scroll-detect-when-user-stops-scrolling'),(478,'click','https://stackoverflow.com/questions/218384/what-is-a-nullpointerexception-and-how-do-i-fix-it','What is a NullPointerException, and how do I fix it?','2017-09-07 08:34:48.088688','2017-09-07 08:34:48.091397',3,'2017-09-07 08:34:48.102000','https://stackoverflow.com/questions/tagged/java?sort=frequent&pageSize=15'),(479,'scroll','','','2017-09-07 08:39:54.776241','2017-09-07 08:39:54.778877',3,'2017-09-07 08:39:54.614000','https://stackoverflow.com/questions/31812937/how-to-clear-chrome-storage-local-cache-when-developing-a-chrome-extension'),(480,'scroll','','','2017-09-07 08:39:54.816383','2017-09-07 08:39:54.820814',3,'2017-09-07 08:39:54.630000','https://stackoverflow.com/questions/31812937/how-to-clear-chrome-storage-local-cache-when-developing-a-chrome-extension'),(481,'scroll','','','2017-09-07 08:39:54.824620','2017-09-07 08:39:54.827636',3,'2017-09-07 08:39:54.646000','https://stackoverflow.com/questions/31812937/how-to-clear-chrome-storage-local-cache-when-developing-a-chrome-extension'),(482,'scroll','','','2017-09-07 08:39:54.829861','2017-09-07 08:39:54.840015',3,'2017-09-07 08:39:54.664000','https://stackoverflow.com/questions/31812937/how-to-clear-chrome-storage-local-cache-when-developing-a-chrome-extension'),(483,'scroll','','','2017-09-07 08:39:54.836627','2017-09-07 08:39:54.841081',3,'2017-09-07 08:39:54.679000','https://stackoverflow.com/questions/31812937/how-to-clear-chrome-storage-local-cache-when-developing-a-chrome-extension'),(484,'scroll','','','2017-09-07 08:39:54.842148','2017-09-07 08:39:54.846379',3,'2017-09-07 08:39:54.696000','https://stackoverflow.com/questions/31812937/how-to-clear-chrome-storage-local-cache-when-developing-a-chrome-extension'),(485,'scroll','','','2017-09-07 08:39:54.847327','2017-09-07 08:39:54.848726',3,'2017-09-07 08:39:54.725000','https://stackoverflow.com/questions/31812937/how-to-clear-chrome-storage-local-cache-when-developing-a-chrome-extension'),(486,'scroll','','','2017-09-07 08:39:54.881404','2017-09-07 08:39:54.883858',3,'2017-09-07 08:39:54.731000','https://stackoverflow.com/questions/31812937/how-to-clear-chrome-storage-local-cache-when-developing-a-chrome-extension'),(487,'scroll','','','2017-09-07 08:39:54.889756','2017-09-07 08:39:54.893752',3,'2017-09-07 08:39:54.749000','https://stackoverflow.com/questions/31812937/how-to-clear-chrome-storage-local-cache-when-developing-a-chrome-extension'),(488,'scroll','','','2017-09-07 08:39:54.897464','2017-09-07 08:39:54.900374',3,'2017-09-07 08:39:54.762000','https://stackoverflow.com/questions/31812937/how-to-clear-chrome-storage-local-cache-when-developing-a-chrome-extension'),(489,'scroll','','','2017-09-07 08:39:54.904086','2017-09-07 08:39:54.908600',3,'2017-09-07 08:39:54.779000','https://stackoverflow.com/questions/31812937/how-to-clear-chrome-storage-local-cache-when-developing-a-chrome-extension'),(490,'scroll','','','2017-09-07 08:39:54.908017','2017-09-07 08:39:54.912277',3,'2017-09-07 08:39:54.798000','https://stackoverflow.com/questions/31812937/how-to-clear-chrome-storage-local-cache-when-developing-a-chrome-extension'),(491,'scroll','','','2017-09-07 08:39:54.913550','2017-09-07 08:39:54.915838',3,'2017-09-07 08:39:54.815000','https://stackoverflow.com/questions/31812937/how-to-clear-chrome-storage-local-cache-when-developing-a-chrome-extension'),(492,'scroll','','','2017-09-07 08:39:54.935234','2017-09-07 08:39:54.944089',3,'2017-09-07 08:39:54.829000','https://stackoverflow.com/questions/31812937/how-to-clear-chrome-storage-local-cache-when-developing-a-chrome-extension'),(493,'scroll','','','2017-09-07 08:39:54.945233','2017-09-07 08:39:54.948304',3,'2017-09-07 08:39:54.847000','https://stackoverflow.com/questions/31812937/how-to-clear-chrome-storage-local-cache-when-developing-a-chrome-extension'),(494,'scroll','','','2017-09-07 08:39:54.953521','2017-09-07 08:39:54.956530',3,'2017-09-07 08:39:54.868000','https://stackoverflow.com/questions/31812937/how-to-clear-chrome-storage-local-cache-when-developing-a-chrome-extension'),(495,'click','https://stackoverflow.com/questions/218384/what-is-a-nullpointerexception-and-how-do-i-fix-it','What is a NullPointerException, and how do I fix it?','2017-09-07 08:45:31.879765','2017-09-07 08:45:31.882412',3,'2017-09-07 08:45:32.014000','https://stackoverflow.com/questions/tagged/java?sort=frequent&pageSize=15'),(496,'scroll','','','2017-09-07 08:47:53.970799','2017-09-07 08:47:53.973406',3,'2017-09-07 08:47:54.068000','https://stackoverflow.com/questions/6964895/javascript-variable-scope-in-the-if-statement'),(497,'scroll','','','2017-09-07 08:47:53.977311','2017-09-07 08:47:53.979772',3,'2017-09-07 08:47:54.083000','https://stackoverflow.com/questions/6964895/javascript-variable-scope-in-the-if-statement'),(498,'scroll','','','2017-09-07 08:47:53.996773','2017-09-07 08:47:53.999534',3,'2017-09-07 08:47:54.105000','https://stackoverflow.com/questions/6964895/javascript-variable-scope-in-the-if-statement'),(499,'scroll','','','2017-09-07 08:47:54.013023','2017-09-07 08:47:54.015509',3,'2017-09-07 08:47:54.118000','https://stackoverflow.com/questions/6964895/javascript-variable-scope-in-the-if-statement'),(500,'scroll','','','2017-09-07 08:47:54.023192','2017-09-07 08:47:54.025674',3,'2017-09-07 08:47:54.136000','https://stackoverflow.com/questions/6964895/javascript-variable-scope-in-the-if-statement'),(501,'scroll','','','2017-09-07 08:47:54.031775','2017-09-07 08:47:54.034225',3,'2017-09-07 08:47:54.156000','https://stackoverflow.com/questions/6964895/javascript-variable-scope-in-the-if-statement'),(502,'scroll','','','2017-09-07 08:47:54.035337','2017-09-07 08:47:54.038993',3,'2017-09-07 08:47:54.168000','https://stackoverflow.com/questions/6964895/javascript-variable-scope-in-the-if-statement'),(503,'scroll','','','2017-09-07 08:47:54.089318','2017-09-07 08:47:54.099214',3,'2017-09-07 08:47:54.186000','https://stackoverflow.com/questions/6964895/javascript-variable-scope-in-the-if-statement'),(504,'scroll','','','2017-09-07 08:47:54.095335','2017-09-07 08:47:54.101051',3,'2017-09-07 08:47:54.202000','https://stackoverflow.com/questions/6964895/javascript-variable-scope-in-the-if-statement'),(505,'scroll','','','2017-09-07 08:47:54.100548','2017-09-07 08:47:54.104719',3,'2017-09-07 08:47:54.222000','https://stackoverflow.com/questions/6964895/javascript-variable-scope-in-the-if-statement'),(506,'scroll','','','2017-09-07 08:47:54.106989','2017-09-07 08:47:54.108469',3,'2017-09-07 08:47:54.234000','https://stackoverflow.com/questions/6964895/javascript-variable-scope-in-the-if-statement'),(507,'scroll','','','2017-09-07 08:47:54.113572','2017-09-07 08:47:54.115921',3,'2017-09-07 08:47:54.255000','https://stackoverflow.com/questions/6964895/javascript-variable-scope-in-the-if-statement'),(508,'scroll','','','2017-09-07 08:47:54.121192','2017-09-07 08:47:54.123437',3,'2017-09-07 08:47:54.267000','https://stackoverflow.com/questions/6964895/javascript-variable-scope-in-the-if-statement'),(509,'scroll','','','2017-09-07 08:47:54.179985','2017-09-07 08:47:54.182517',3,'2017-09-07 08:47:54.325000','https://stackoverflow.com/questions/6964895/javascript-variable-scope-in-the-if-statement'),(510,'scroll','','','2017-09-07 08:47:54.188052','2017-09-07 08:47:54.190411',3,'2017-09-07 08:47:54.334000','https://stackoverflow.com/questions/6964895/javascript-variable-scope-in-the-if-statement'),(511,'scroll','','','2017-09-07 08:47:54.198392','2017-09-07 08:47:54.204622',3,'2017-09-07 08:47:54.344000','https://stackoverflow.com/questions/6964895/javascript-variable-scope-in-the-if-statement'),(512,'scroll','','','2017-09-07 08:47:54.205669','2017-09-07 08:47:54.208194',3,'2017-09-07 08:47:54.353000','https://stackoverflow.com/questions/6964895/javascript-variable-scope-in-the-if-statement'),(513,'scroll','','','2017-09-07 08:47:54.218528','2017-09-07 08:47:54.223796',3,'2017-09-07 08:47:54.366000','https://stackoverflow.com/questions/6964895/javascript-variable-scope-in-the-if-statement'),(514,'scroll','','','2017-09-07 08:47:54.844986','2017-09-07 08:47:54.847862',3,'2017-09-07 08:47:54.982000','https://stackoverflow.com/questions/6964895/javascript-variable-scope-in-the-if-statement'),(515,'scroll','','','2017-09-07 08:47:54.859202','2017-09-07 08:47:54.864086',3,'2017-09-07 08:47:54.998000','https://stackoverflow.com/questions/6964895/javascript-variable-scope-in-the-if-statement'),(516,'scroll','','','2017-09-07 08:47:54.870180','2017-09-07 08:47:54.872614',3,'2017-09-07 08:47:55.017000','https://stackoverflow.com/questions/6964895/javascript-variable-scope-in-the-if-statement'),(517,'scroll','','','2017-09-07 08:47:54.885639','2017-09-07 08:47:54.888246',3,'2017-09-07 08:47:55.031000','https://stackoverflow.com/questions/6964895/javascript-variable-scope-in-the-if-statement'),(518,'scroll','','','2017-09-07 08:47:54.902368','2017-09-07 08:47:54.904772',3,'2017-09-07 08:47:55.048000','https://stackoverflow.com/questions/6964895/javascript-variable-scope-in-the-if-statement'),(519,'scroll','','','2017-09-07 08:47:54.920239','2017-09-07 08:47:54.922708',3,'2017-09-07 08:47:55.065000','https://stackoverflow.com/questions/6964895/javascript-variable-scope-in-the-if-statement'),(520,'scroll','','','2017-09-07 08:47:54.938401','2017-09-07 08:47:54.941463',3,'2017-09-07 08:47:55.082000','https://stackoverflow.com/questions/6964895/javascript-variable-scope-in-the-if-statement'),(521,'scroll','','','2017-09-07 08:47:54.949240','2017-09-07 08:47:54.951738',3,'2017-09-07 08:47:55.098000','https://stackoverflow.com/questions/6964895/javascript-variable-scope-in-the-if-statement'),(522,'scroll','','','2017-09-07 08:47:54.966600','2017-09-07 08:47:54.969227',3,'2017-09-07 08:47:55.115000','https://stackoverflow.com/questions/6964895/javascript-variable-scope-in-the-if-statement'),(523,'scroll','','','2017-09-07 08:47:54.984558','2017-09-07 08:47:54.986949',3,'2017-09-07 08:47:55.131000','https://stackoverflow.com/questions/6964895/javascript-variable-scope-in-the-if-statement'),(524,'scroll','','','2017-09-07 08:47:55.005401','2017-09-07 08:47:55.008300',3,'2017-09-07 08:47:55.149000','https://stackoverflow.com/questions/6964895/javascript-variable-scope-in-the-if-statement'),(525,'scroll','','','2017-09-07 08:47:55.020069','2017-09-07 08:47:55.022391',3,'2017-09-07 08:47:55.166000','https://stackoverflow.com/questions/6964895/javascript-variable-scope-in-the-if-statement'),(526,'scroll','','','2017-09-07 08:47:55.034846','2017-09-07 08:47:55.037352',3,'2017-09-07 08:47:55.181000','https://stackoverflow.com/questions/6964895/javascript-variable-scope-in-the-if-statement'),(527,'scroll','','','2017-09-07 08:47:55.057958','2017-09-07 08:47:55.060472',3,'2017-09-07 08:47:55.201000','https://stackoverflow.com/questions/6964895/javascript-variable-scope-in-the-if-statement'),(528,'scroll','','','2017-09-07 08:47:55.067306','2017-09-07 08:47:55.069829',3,'2017-09-07 08:47:55.215000','https://stackoverflow.com/questions/6964895/javascript-variable-scope-in-the-if-statement'),(529,'scroll','','','2017-09-07 08:47:55.088353','2017-09-07 08:47:55.090833',3,'2017-09-07 08:47:55.234000','https://stackoverflow.com/questions/6964895/javascript-variable-scope-in-the-if-statement'),(530,'scroll','','','2017-09-07 08:47:55.970317','2017-09-07 08:47:55.972915',3,'2017-09-07 08:47:56.114000','https://stackoverflow.com/questions/6964895/javascript-variable-scope-in-the-if-statement'),(531,'scroll','','','2017-09-07 08:47:56.003528','2017-09-07 08:47:56.013003',3,'2017-09-07 08:47:56.149000','https://stackoverflow.com/questions/6964895/javascript-variable-scope-in-the-if-statement'),(532,'scroll','','','2017-09-07 08:47:56.018713','2017-09-07 08:47:56.021080',3,'2017-09-07 08:47:56.164000','https://stackoverflow.com/questions/6964895/javascript-variable-scope-in-the-if-statement'),(533,'scroll','','','2017-09-07 08:47:56.033329','2017-09-07 08:47:56.035820',3,'2017-09-07 08:47:56.181000','https://stackoverflow.com/questions/6964895/javascript-variable-scope-in-the-if-statement'),(534,'scroll','','','2017-09-07 08:47:56.051650','2017-09-07 08:47:56.054081',3,'2017-09-07 08:47:56.198000','https://stackoverflow.com/questions/6964895/javascript-variable-scope-in-the-if-statement'),(535,'scroll','','','2017-09-07 08:47:56.069429','2017-09-07 08:47:56.071884',3,'2017-09-07 08:47:56.216000','https://stackoverflow.com/questions/6964895/javascript-variable-scope-in-the-if-statement'),(536,'scroll','','','2017-09-07 08:47:56.082659','2017-09-07 08:47:56.085748',3,'2017-09-07 08:47:56.230000','https://stackoverflow.com/questions/6964895/javascript-variable-scope-in-the-if-statement'),(537,'scroll','','','2017-09-07 08:47:56.099884','2017-09-07 08:47:56.102284',3,'2017-09-07 08:47:56.247000','https://stackoverflow.com/questions/6964895/javascript-variable-scope-in-the-if-statement'),(538,'scroll','','','2017-09-07 08:47:56.117152','2017-09-07 08:47:56.121463',3,'2017-09-07 08:47:56.265000','https://stackoverflow.com/questions/6964895/javascript-variable-scope-in-the-if-statement'),(539,'scroll','','','2017-09-07 08:47:56.133079','2017-09-07 08:47:56.135457',3,'2017-09-07 08:47:56.280000','https://stackoverflow.com/questions/6964895/javascript-variable-scope-in-the-if-statement'),(540,'scroll','','','2017-09-07 08:47:56.331731','2017-09-07 08:47:56.335891',3,'2017-09-07 08:47:56.464000','https://stackoverflow.com/questions/6964895/javascript-variable-scope-in-the-if-statement'),(541,'scroll','','','2017-09-07 08:47:56.337170','2017-09-07 08:47:56.339735',3,'2017-09-07 08:47:56.480000','https://stackoverflow.com/questions/6964895/javascript-variable-scope-in-the-if-statement'),(542,'scroll','','','2017-09-07 08:47:56.349559','2017-09-07 08:47:56.352022',3,'2017-09-07 08:47:56.497000','https://stackoverflow.com/questions/6964895/javascript-variable-scope-in-the-if-statement'),(543,'scroll','','','2017-09-07 08:47:56.365466','2017-09-07 08:47:56.367889',3,'2017-09-07 08:47:56.513000','https://stackoverflow.com/questions/6964895/javascript-variable-scope-in-the-if-statement'),(544,'scroll','','','2017-09-07 08:47:56.383743','2017-09-07 08:47:56.386663',3,'2017-09-07 08:47:56.530000','https://stackoverflow.com/questions/6964895/javascript-variable-scope-in-the-if-statement'),(545,'scroll','','','2017-09-07 08:47:56.399397','2017-09-07 08:47:56.401794',3,'2017-09-07 08:47:56.547000','https://stackoverflow.com/questions/6964895/javascript-variable-scope-in-the-if-statement'),(546,'scroll','','','2017-09-07 08:47:56.417289','2017-09-07 08:47:56.419659',3,'2017-09-07 08:47:56.564000','https://stackoverflow.com/questions/6964895/javascript-variable-scope-in-the-if-statement'),(547,'scroll','','','2017-09-07 08:47:56.433996','2017-09-07 08:47:56.441534',3,'2017-09-07 08:47:56.581000','https://stackoverflow.com/questions/6964895/javascript-variable-scope-in-the-if-statement'),(548,'scroll','','','2017-09-07 08:47:56.451373','2017-09-07 08:47:56.453871',3,'2017-09-07 08:47:56.599000','https://stackoverflow.com/questions/6964895/javascript-variable-scope-in-the-if-statement'),(549,'scroll','','','2017-09-07 08:47:56.468033','2017-09-07 08:47:56.470457',3,'2017-09-07 08:47:56.615000','https://stackoverflow.com/questions/6964895/javascript-variable-scope-in-the-if-statement'),(550,'scroll','','','2017-09-07 08:47:56.483585','2017-09-07 08:47:56.486563',3,'2017-09-07 08:47:56.630000','https://stackoverflow.com/questions/6964895/javascript-variable-scope-in-the-if-statement'),(551,'scroll','','','2017-09-07 08:47:56.501364','2017-09-07 08:47:56.503835',3,'2017-09-07 08:47:56.646000','https://stackoverflow.com/questions/6964895/javascript-variable-scope-in-the-if-statement'),(552,'scroll','','','2017-09-07 08:47:56.520644','2017-09-07 08:47:56.523062',3,'2017-09-07 08:47:56.663000','https://stackoverflow.com/questions/6964895/javascript-variable-scope-in-the-if-statement'),(553,'scroll','','','2017-09-07 08:47:56.533057','2017-09-07 08:47:56.535406',3,'2017-09-07 08:47:56.680000','https://stackoverflow.com/questions/6964895/javascript-variable-scope-in-the-if-statement'),(554,'scroll','','','2017-09-07 08:47:56.551815','2017-09-07 08:47:56.554180',3,'2017-09-07 08:47:56.696000','https://stackoverflow.com/questions/6964895/javascript-variable-scope-in-the-if-statement'),(555,'scroll','','','2017-09-07 08:47:56.567238','2017-09-07 08:47:56.569680',3,'2017-09-07 08:47:56.714000','https://stackoverflow.com/questions/6964895/javascript-variable-scope-in-the-if-statement'),(556,'scroll','','','2017-09-07 08:47:56.587124','2017-09-07 08:47:56.589490',3,'2017-09-07 08:47:56.730000','https://stackoverflow.com/questions/6964895/javascript-variable-scope-in-the-if-statement'),(557,'scroll down','','','2017-09-07 09:20:17.545928','2017-09-07 09:20:17.548526',4,'2017-09-07 09:20:17.625000','https://stackoverflow.com/questions/tagged/java?sort=frequent&pageSize=15'),(558,'click','https://stackoverflow.com/questions/218384/what-is-a-nullpointerexception-and-how-do-i-fix-it','What is a NullPointerException, and how do I fix it?','2017-09-07 09:20:46.102959','2017-09-07 09:20:46.106723',4,'2017-09-07 09:20:46.161000','https://stackoverflow.com/questions/tagged/java?sort=frequent&pageSize=15'),(559,'scroll down','','','2017-09-07 09:20:56.651284','2017-09-07 09:20:56.653739',4,'2017-09-07 09:20:56.723000','https://stackoverflow.com/questions/tagged/java?sort=frequent&pageSize=15'),(560,'scroll up','','','2017-09-07 09:21:00.262544','2017-09-07 09:21:00.264987',4,'2017-09-07 09:21:00.411000','https://stackoverflow.com/questions/tagged/java?sort=frequent&pageSize=15'),(561,'click','https://stackoverflow.com/questions/218384/what-is-a-nullpointerexception-and-how-do-i-fix-it','What is a NullPointerException, and how do I fix it?','2017-09-07 09:21:21.557471','2017-09-07 09:21:21.560229',4,'2017-09-07 09:21:21.696000','https://stackoverflow.com/questions/tagged/java?sort=frequent&pageSize=15');
/*!40000 ALTER TABLE `surajsite_userlogs` ENABLE KEYS */;
UNLOCK TABLES;
/*!40103 SET TIME_ZONE=@OLD_TIME_ZONE */;

/*!40101 SET SQL_MODE=@OLD_SQL_MODE */;
/*!40014 SET FOREIGN_KEY_CHECKS=@OLD_FOREIGN_KEY_CHECKS */;
/*!40014 SET UNIQUE_CHECKS=@OLD_UNIQUE_CHECKS */;
/*!40101 SET CHARACTER_SET_CLIENT=@OLD_CHARACTER_SET_CLIENT */;
/*!40101 SET CHARACTER_SET_RESULTS=@OLD_CHARACTER_SET_RESULTS */;
/*!40101 SET COLLATION_CONNECTION=@OLD_COLLATION_CONNECTION */;
/*!40111 SET SQL_NOTES=@OLD_SQL_NOTES */;

-- Dump completed on 2017-09-07  9:22:56
